,dbas,wind,precipitation,noise,taxi
0,60.419283134203944,9.3,0.0,0.0,478
1,60.59966579861111,8.0,0.0,0.0,395
2,59.76991872742428,9.3,0.0,0.0,384
3,59.64833767361111,9.3,0.0,0.0,465
4,57.285576055262425,8.5,0.0,0.0,322
5,55.13638771186441,3.85,0.0,0.0,98
6,55.15486979166667,8.2,0.0,0.0,50
7,55.53125868296749,7.199999999999999,0.0,0.0,40
8,55.427860243055555,6.2,0.0,0.0,39
9,58.23430119477633,5.7,0.0,0.0,62
10,58.09358072916667,6.7,0.0,0.0,92
11,63.01046297582662,7.2,0.0,0.0,144
12,61.754895833333336,9.3,0.0,0.0,198
13,58.75577851486524,8.75,0.0,0.0,194
14,58.658229166666665,10.8,0.0,0.0,197
15,59.427987809113645,9.3,0.0,1.0,221
16,62.65051215277778,10.05,0.0,0.0,217
17,58.44519097222222,9.3,0.0,0.0,257
18,58.81551733120311,8.8,0.0,0.0,214
19,58.070850694444445,9.8,0.0,0.0,217
20,56.84448371075299,8.8,0.0,0.0,195
21,57.011957465277774,7.7,0.0,0.0,237
22,56.96021464295638,7.45,0.0,0.0,210
23,56.4223046875,6.7,0.0,0.0,136
24,55.18699652777778,7.7,0.0,0.0,143
25,54.155281849124755,7.2,0.0,0.0,68
26,54.15069878472222,6.2,0.0,0.0,63
27,53.05590962767435,6.2,0.0,0.0,38
28,55.1057421875,6.45,0.0,0.0,23
29,54.41128612114476,3.35,0.0,0.0,29
30,56.43822048611111,7.2,0.0,0.0,52
31,58.891189392886915,6.15,0.0,0.0,78
32,60.333897569444446,6.7,0.0,0.0,159
33,63.14365969713809,7.2,0.0,0.0,164
34,62.04607638888889,7.699999999999999,0.0,0.0,114
35,61.01766927083333,7.2,0.0,0.0,146
36,63.53608641289247,6.7,0.0,0.0,174
37,61.96429253472222,6.45,0.0,0.0,221
38,59.182828563489856,6.2,0.0,0.0,241
39,59.57290798611111,7.7,0.0,0.0,231
40,61.88691303139761,7.2,0.0,0.0,232
41,60.830616319444445,6.2,0.0,0.0,294
42,61.1425439358155,7.7,0.0,0.0,282
43,60.84715277777778,6.95,0.0,1.0,336
44,59.81304253472222,6.2,0.0,0.0,276
45,59.29756963739928,7.2,0.0,1.0,297
46,58.859301215277775,7.699999999999999,0.0,1.0,252
47,59.43106592108919,6.7,0.0,0.0,193
48,58.30417534722222,8.8,0.0,0.0,138
49,55.97280928730203,8.8,0.0,0.0,106
50,55.89452256944445,7.7,0.0,0.0,49
51,55.71807707001945,7.7,0.0,0.0,31
52,55.072994791666666,6.4,0.0,0.0,26
53,55.880175048624615,2.85,0.0,1.0,32
54,57.89202690972222,7.7,0.0,0.0,73
55,60.24223524305555,7.45,0.0,0.0,111
56,60.698206098916366,5.7,0.0,0.0,164
57,65.69834635416667,7.2,0.0,0.0,198
58,66.7261088149486,5.9,0.0,0.0,179
59,62.38982638888889,4.1,0.0,0.0,163
60,62.24079171297583,4.1,0.0,0.0,184
61,62.102825520833335,4.35,0.0,0.0,214
62,61.558909592942484,5.1,0.0,0.0,194
63,60.40198350694445,2.1,0.0,0.0,234
64,61.92220920138889,2.35,0.0,0.0,227
65,60.103171019727704,2.1,0.0,0.0,263
66,61.723637152777776,2.1,0.0,0.0,349
67,60.26588983050848,2.6,0.0,0.0,379
68,59.99019097222222,1.5,0.0,0.0,320
69,59.31906432342317,2.1,0.0,0.0,371
70,58.99625434027778,1.8,0.0,0.0,315
71,58.77015316754654,0.0,0.0,0.0,263
72,57.28061631944445,2.6,0.0,1.0,196
73,56.13956597222222,2.6,0.0,0.0,111
74,55.007193838566266,2.6,0.0,0.0,74
75,55.049466145833335,3.1,0.0,0.0,46
76,55.855940886357324,3.8499999999999996,0.0,0.0,35
77,60.600581597222224,2.55,0.0,0.0,28
78,59.54397923034176,6.2,0.0,0.0,32
79,61.00934461805556,6.2,0.0,0.0,58
80,62.29859856904696,7.7,0.0,0.0,58
81,61.30124565972222,8.8,0.35,0.0,73
82,62.6049076132259,9.466666666666667,0.16666666666666666,0.0,55
83,62.71935763888889,11.5,0.09999999999999999,0.0,52
84,58.06484874270631,12.4,0.3,0.0,49
85,62.69310329861111,12.4,0.9,0.0,58
86,59.866427951388886,13.275,0.6,0.0,62
87,62.16883596137816,13.9,1.5,0.0,53
88,60.89515625,14.65,3.25,0.0,79
89,58.21835492497916,14.9,1.5,0.0,71
90,56.67176215277778,16.25,0.5,0.0,115
91,56.946360968324534,16.75,2.45,0.0,158
92,57.32455295138889,14.4,0.8,0.0,142
93,55.84559513059183,13.566666666666668,0.16666666666666666,0.0,191
94,55.96601128472222,14.299999999999999,0.575,0.0,183
95,55.555286458333335,13.9,0.25,0.0,163
96,55.66172461100306,15.4,0.0,0.0,123
97,54.21369357638889,13.600000000000001,1.5,0.0,83
98,53.80037423589886,11.3,0.0,0.0,42
99,56.0415625,12.9,0.0,0.0,21
100,52.98426646290636,14.15,0.0,0.0,14
101,54.46365451388889,6.95,6.2,0.0,33
102,56.55198926785218,12.4,0.0,0.0,52
103,57.778645833333336,12.4,0.0,0.0,82
104,64.73854282439567,13.9,0.0,0.0,154
105,62.62244357638889,10.8,0.0,0.0,168
106,63.75891927083333,10.55,0.0,0.0,158
107,61.040184773548205,10.3,0.0,0.0,170
108,60.452825520833336,10.8,0.0,0.0,204
109,61.14123280772437,11.3,5.7,0.0,245
110,63.40789930555555,11.8,0.0,0.0,227
111,63.59388892747985,9.8,0.0,0.0,240
112,65.04733506944444,10.05,0.0,0.0,217
113,60.850496665740486,10.3,0.0,0.0,321
114,59.9758984375,13.4,0.0,0.0,397
115,59.975750868055556,12.9,0.0,0.0,446
116,60.24011444151153,12.9,0.0,0.0,500
117,61.27769965277778,13.9,0.0,0.0,483
118,61.85591483745485,12.100000000000001,0.0,0.0,660
119,59.72984375,7.7,0.0,0.0,602
120,59.68473013337038,10.8,0.0,0.0,608
121,58.718220486111115,11.3,0.0,0.0,623
122,57.4470252153376,9.3,0.0,0.0,490
123,56.30117621527778,9.8,0.0,0.0,302
124,55.513446180555555,9.55,0.0,0.0,126
125,53.39447589608225,6.45,0.0,0.0,40
126,53.732387152777775,11.3,0.0,0.0,30
127,56.00894779799945,11.3,0.0,0.0,58
128,59.00827256944444,9.3,0.0,0.0,153
129,60.80177219366491,7.7,0.0,1.0,189
130,59.87516927083333,8.25,0.0,0.0,253
131,60.76044126840789,7.7,0.0,0.0,326
132,61.372417534722224,9.8,0.0,0.0,354
133,62.11131998471798,9.8,0.0,0.0,423
134,60.83326822916667,11.3,0.0,0.0,394
135,62.44754185190331,8.8,0.0,0.0,471
136,61.60474826388889,9.55,0.0,0.0,500
137,60.44956932481245,10.3,0.0,0.0,520
138,59.87904947916667,10.3,0.0,0.0,604
139,60.47434895833333,9.55,0.0,0.0,681
140,61.08775006946374,11.8,0.0,0.0,604
141,59.39688802083333,10.3,0.0,0.0,528
142,59.692666365657125,10.3,0.0,0.0,585
143,60.309895833333336,12.4,0.0,0.0,722
144,59.83137242984162,9.8,0.0,0.0,692
145,59.40923611111111,11.100000000000001,0.0,0.0,687
146,57.714105902777774,8.2,0.0,0.0,529
147,55.89744112948041,9.8,0.0,0.0,314
148,54.08111545138889,9.3,0.0,0.0,123
149,53.165406189219226,4.65,0.0,0.0,27
150,54.970234375,9.3,0.0,0.0,26
151,54.166092143651014,9.8,0.0,0.0,22
152,55.58206163194444,7.2,0.0,0.0,90
153,59.113286676854685,8.2,0.0,0.0,175
154,59.21986111111111,7.949999999999999,0.0,0.0,183
155,61.961417233953874,6.2,0.0,0.0,289
156,60.40418402777778,5.1,0.0,0.0,321
157,62.50384221311475,4.6,0.0,0.0,380
158,60.304270833333334,5.1,0.0,0.0,363
159,59.827586805555555,2.6,0.0,0.0,374
160,61.07726538621839,2.85,0.0,0.0,339
161,62.84293402777778,3.6,0.0,0.0,394
162,59.07137399277577,4.6,0.0,0.0,396
163,58.23000868055556,4.1,0.0,0.0,329
164,58.25373367602112,3.6,0.0,0.0,309
165,57.14328125,5.7,0.0,0.0,313
166,57.610351833842735,5.15,0.0,0.0,228
167,57.439778645833336,6.2,0.0,0.0,189
168,55.798181786607394,6.7,0.0,0.0,123
169,54.82292100694445,7.449999999999999,0.0,0.0,76
170,53.10416087802167,6.7,0.0,0.0,42
171,52.9590234375,7.7,0.0,0.0,31
172,53.862078993055555,8.25,0.0,0.0,27
173,53.81114545707141,4.4,0.0,0.0,51
174,57.405681423611114,9.3,0.0,0.0,82
175,60.036993782995275,8.75,0.0,0.0,126
176,62.539891493055556,7.2,0.0,0.0,242
177,64.36480185468186,6.7,0.0,0.0,246
178,61.99600260416667,6.7,0.0,0.0,171
179,74.28351625451515,7.2,0.0,0.0,174
180,72.43085503472223,7.2,0.0,0.0,177
181,63.753681578216174,6.45,0.0,0.0,175
182,63.13551215277778,5.7,0.0,0.0,234
183,60.82165184773548,5.1,0.0,0.0,204
184,60.71810329861111,5.1,0.0,0.0,208
185,60.28592013888889,4.1,0.0,0.0,251
186,59.9259125798833,4.6,0.0,0.0,316
187,61.43490017361111,5.15,0.0,0.0,359
188,59.05161590025007,4.1,0.0,0.0,390
189,58.2060546875,4.1,0.0,0.0,324
190,58.89293901083634,5.2749999999999995,0.125,0.0,325
191,59.626015625,6.666666666666667,0.2333333333333333,0.0,253
192,57.55770266046124,5.1,0.0,0.0,207
193,55.22869791666667,5.1,0.25,0.0,105
194,53.56463601000278,5.7,0.0,0.0,72
195,53.8719921875,5.1,0.0,0.0,58
196,53.881733641289244,5.4,0.0,0.0,40
197,57.09260416666667,2.55,0.25,0.0,34
198,58.88203993055556,5.7,0.0,0.0,56
199,60.127973916365654,5.7,0.0,0.0,119
200,67.79745659722222,3.6,0.0,0.0,243
201,63.88952226312865,5.7,0.0,0.0,252
202,65.23783420138889,5.95,0.0,0.0,218
203,62.915827313142536,6.2,0.0,0.0,189
204,62.693285590277775,5.7,0.0,0.0,214
205,63.17248280772437,5.7,0.25,0.0,198
206,62.732647569444445,7.2,0.0,0.0,238
207,68.23448784722223,6.7,0.0,0.0,228
208,61.98426215277778,6.2,0.0,0.0,228
209,61.49646169074743,6.2,0.0,0.0,278
210,61.4463671875,8.8,0.0,0.0,407
211,59.561505800222285,8.5,0.0,0.0,414
212,59.70877170138889,8.8,0.0,0.0,441
213,58.573023756599056,9.8,0.0,0.0,418
214,57.729717881944445,7.45,0.0,1.0,381
215,58.255874027507645,6.2,0.0,0.0,316
216,55.911796875,5.7,0.0,0.0,190
217,54.87992621527778,5.95,0.0,0.0,145
218,54.648734891636565,6.2,0.0,0.0,77
219,54.01849392361111,3.1,0.0,0.0,62
220,53.972266601833844,2.85,0.0,0.0,35
221,57.62657118055556,1.55,0.0,0.0,43
222,57.076926750486244,2.1,0.0,0.0,78
223,61.42100694444444,2.35,0.0,0.0,118
224,63.82368800361211,1.5,0.0,0.0,219
225,63.81349392361111,0.0,0.0,0.0,217
226,64.27284922895248,1.05,0.0,0.0,192
227,63.65837239583333,3.1,0.0,0.0,198
228,63.41772020005557,3.1,0.0,0.0,213
229,65.4249001736111,2.85,0.0,0.0,232
230,63.89964660322312,0.0,0.0,0.0,217
231,61.844752604166665,3.1,0.0,0.0,256
232,63.43477430555556,1.55,0.0,0.0,216
233,62.83366473325924,1.5,0.0,0.0,295
234,62.717799479166665,1.5,0.0,0.0,426
235,60.47020873853848,2.3,0.0,0.0,433
236,59.82366753472222,3.6,0.0,0.0,447
237,58.97294821478189,3.1,0.0,0.0,500
238,58.833736979166666,3.35,0.0,0.0,536
239,58.864450194498474,2.6,0.0,1.0,440
240,58.03739149305556,1.5,0.0,0.0,235
241,55.78853066824118,0.75,0.0,0.0,145
242,55.864535590277775,2.6,0.0,0.0,85
243,57.32780807168658,4.1,0.0,0.0,35
244,56.71961805555556,3.5999999999999996,0.0,0.0,49
245,60.109127604166666,1.05,0.0,0.0,46
246,60.29479542928591,2.1,0.0,0.0,83
247,61.73102430555556,1.05,0.0,0.0,130
248,62.82780807168658,0.0,0.0,0.0,224
249,65.99484375,0.0,0.0,0.0,219
250,64.20352007502083,0.0,0.0,0.0,209
251,63.81970920138889,0.0,0.0,0.0,194
252,64.06564323423173,1.5,0.0,0.0,246
253,62.65208767361111,1.5,0.0,0.0,197
254,61.90849454709642,0.0,0.0,0.0,224
255,62.47091579861111,0.0,0.0,0.0,232
256,63.383489583333336,1.05,0.0,0.0,224
257,63.60640542511809,2.1,0.0,0.0,284
258,60.757122395833335,2.1,0.0,0.0,419
259,60.854842490969716,2.1,0.0,0.0,460
260,60.39562065972222,2.1,0.0,0.0,551
261,60.51929355376493,1.5,0.0,0.0,533
262,60.22809461805556,1.5,0.0,0.0,585
263,59.93384012920256,2.1,0.0,0.0,561
264,63.89736979166667,3.1,0.0,0.0,445
265,57.65340198666296,1.0333333333333334,0.0,0.0,285
266,56.937352430555556,2.1,0.0,0.0,129
267,56.41701253820506,3.6,0.0,0.0,78
268,54.927083333333336,2.85,0.0,0.0,46
269,59.19734375,0.0,0.0,0.0,53
270,59.54929320644624,2.6,0.0,0.0,66
271,60.46025607638889,1.5666666666666667,0.0,0.0,134
272,63.624214191442064,1.5,0.0,0.0,217
273,64.20288628472223,4.6,0.0,0.0,223
274,65.13972197138094,5.9,0.0,0.0,189
275,63.26853732638889,8.4,0.0,0.0,209
276,63.27561909558211,7.533333333333334,0.2333333333333333,0.0,233
277,63.62987413194445,7.5,0.04285714285714286,0.0,242
278,64.2313099124757,7.2,0.3,0.0,272
279,64.1214279513889,11.8,0.3,0.0,234
280,62.44896267361111,9.933333333333334,0.16666666666666666,0.0,209
281,64.01859891636566,6.7,0.5,0.0,334
282,62.85916666666667,9.9,2.25,0.0,458
283,63.95459242150597,10.55,2.65,0.0,572
284,63.04341145833333,9.3,0.3,0.0,530
285,63.480593567657685,5.7,0.5,0.0,661
286,62.72667534722222,7.5,0.5,0.0,691
287,63.248823457904976,7.949999999999999,0.0,0.0,785
288,61.0675390625,5.7,0.0,0.0,739
289,60.838939636010004,5.866666666666667,0.43333333333333335,0.0,786
290,61.20990017361111,6.9799999999999995,0.0,0.0,707
291,60.09184408863573,7.45,0.6,0.0,407
292,56.36737847222222,7.7,1.8333333333333333,0.0,173
293,59.146015625,7.3500000000000005,3.0500000000000003,1.0,51
294,56.502526743539875,9.3,0.5,0.0,40
295,61.174305555555556,8.25,0.0,0.0,68
296,62.37258179355376,6.7,0.3,0.0,120
297,62.32760850694444,8.0,0.65,0.0,186
298,61.62371057932759,11.5,0.3333333333333333,0.0,280
299,63.25931423611111,11.05,0.0,0.0,329
300,61.815686649069185,8.4,0.0,0.0,399
301,62.09778645833333,9.48,0.4,0.0,416
302,63.09585127813281,8.75,0.0,0.0,454
303,64.4776953125,10.3,0.0,0.0,530
304,61.951953125,11.55,0.0,0.0,550
305,62.10574117810503,9.1,0.0,0.0,608
306,60.827421875,8.8,0.0,0.0,745
307,60.23433158516254,7.25,0.0,0.0,869
308,61.46082465277778,7.7,0.0,0.0,845
309,60.68203407196444,8.8,0.0,0.0,805
310,60.16743489583333,9.55,0.0,0.0,835
311,59.514392018616284,8.2,0.0,0.0,1021
312,60.043980034722225,10.3,0.0,0.0,1068
313,60.36537493053626,10.8,0.0,0.0,1079
314,59.212139756944445,8.2,0.0,0.0,839
315,58.57987461794943,9.8,0.0,0.0,571
316,56.64467447916667,9.55,0.0,0.0,241
317,54.48072916666667,4.1,1.0,0.0,54
318,63.397727667407615,8.2,0.0,0.0,33
319,57.09887586805556,8.5,0.0,0.0,43
320,57.82999183801056,6.2,0.0,0.0,80
321,59.16375,7.7,0.0,0.0,146
322,60.28513128646846,7.45,0.0,0.0,229
323,61.592547743055555,8.2,0.0,0.0,280
324,59.52236298277299,6.7,0.0,0.0,366
325,60.95724392361111,6.45,0.0,0.0,426
326,61.825333425951655,6.2,0.0,0.0,386
327,61.5628515625,9.3,0.0,0.0,417
328,62.612783064740206,8.5,0.0,0.0,456
329,59.89478298611111,8.2,0.0,0.0,516
330,60.22985551542095,6.7,0.0,0.0,525
331,59.015,6.45,0.0,0.0,567
332,59.18423611111111,7.2,0.0,0.0,585
333,58.36520561267019,7.2,0.0,0.0,506
334,59.08513454861111,6.95,0.0,0.0,535
335,58.514630800222285,5.7,0.0,0.0,404
336,57.792317708333336,8.2,0.0,0.0,410
337,56.854399659627674,6.3999999999999995,0.0,0.0,287
338,56.05822916666666,6.7,0.0,0.0,194
339,56.35341414281745,5.7,0.0,0.0,128
340,56.35164496527778,6.2,0.0,0.0,79
341,59.11346467768825,3.1,0.0,0.0,40
342,61.24356770833333,6.2,0.0,0.0,39
343,60.5244921875,5.65,0.0,0.0,58
344,61.74888858016116,6.2,0.0,0.0,108
345,61.98848958333333,7.2,0.0,0.0,161
346,62.018650173611114,6.7,0.0,0.0,186
347,62.89903879549875,5.1,0.0,0.0,212
348,64.34394097222223,6.7,0.0,0.0,223
349,62.05540167407613,6.2,0.0,0.0,251
350,65.01327690972222,5.7,0.0,0.0,269
351,64.38227198527369,7.7,0.0,0.0,262
352,64.12470052083333,7.2,0.0,0.0,292
353,61.82789490136149,7.2,0.0,0.0,341
354,61.503780381944445,5.7,0.0,0.0,361
355,59.43033655181995,6.2,0.0,0.0,394
356,58.72911024305556,6.2,0.0,1.0,357
357,59.09430555555556,4.6,0.0,1.0,355
358,58.33616108641289,5.15,0.0,0.0,393
359,57.46634548611111,5.1,0.0,0.0,333
360,56.16668692692414,2.6,0.0,0.0,193
361,54.952083333333334,2.85,0.0,0.0,120
362,54.816923971936646,3.1,0.0,2.0,57
363,56.500247395833334,3.1,0.0,0.0,52
364,54.03187517365935,3.1,0.0,0.0,38
365,64.15191840277778,1.05,0.0,0.0,42
366,62.26441372603501,3.1,0.0,0.0,84
367,60.074869791666664,3.5999999999999996,0.0,0.0,123
368,62.867319915254235,4.1,0.0,0.0,253
369,64.38969618055556,3.6,0.0,0.0,214
370,63.14743055555556,3.766666666666667,0.0,0.0,173
371,64.3252986940817,3.6,0.0,0.0,151
372,61.27116319444445,1.5,0.0,0.0,218
373,64.02666539316476,2.733333333333333,0.0,0.0,210
374,61.82134548611111,1.5,0.0,0.0,247
375,63.35688298833009,0.0,0.0,0.0,256
376,62.26290798611111,1.3,0.0,0.0,262
377,62.44273582939705,1.5,0.0,0.0,296
378,61.793064236111114,3.6,0.0,0.0,387
379,61.90467404140039,3.1,0.0,0.0,438
380,60.327061631944446,3.6,0.0,0.0,419
381,59.993229166666666,2.6,0.0,0.0,490
382,59.10116959572103,2.85,0.0,0.0,431
383,58.919674479166666,2.6,0.0,0.0,337
384,57.65446130869686,2.6,0.0,0.0,209
385,57.01824652777778,2.6,0.0,0.0,159
386,57.137216935259794,3.1,0.0,1.0,92
387,56.77749565972222,2.6,0.0,0.0,73
388,57.829301542095024,2.6,0.0,0.0,34
389,57.295633680555554,1.3,0.0,0.0,54
390,60.698627222839676,2.6,0.0,0.0,66
391,63.01177083333334,2.6,0.0,0.0,139
392,63.86694654765213,3.1,0.0,0.0,241
393,64.69597222222222,3.1,1.0,0.0,251
394,63.79755642361111,2.85,0.75,0.0,227
395,63.860929251180885,2.1,0.25,0.0,181
396,63.0963671875,3.8499999999999996,0.0,0.0,223
397,63.42518321061406,4.6,1.25,0.0,201
398,62.21887152777778,5.95,0.75,0.0,213
399,61.352402577104755,4.966666666666667,0.5,0.0,247
400,61.61272569444444,4.266666666666667,1.4333333333333333,0.0,219
401,60.38925743262017,5.133333333333333,0.16666666666666666,0.0,270
402,61.72720920138889,6.825,0.0,0.0,424
403,60.41523252986941,6.366666666666667,1.3333333333333333,0.0,470
404,59.75158420138889,5.95,0.0,0.0,510
405,60.82539930555556,5.1,0.0,0.0,514
406,61.88974802028341,5.9,0.0,0.0,585
407,60.95560329861111,6.7,0.0,0.0,424
408,59.74797252709086,6.95,0.0,1.0,231
409,59.18417534722222,6.95,0.0,0.0,158
410,58.304602841066966,7.2,0.0,0.0,82
411,58.993763020833335,6.7,0.0,0.0,41
412,61.996895839121976,6.7,0.0,0.0,34
413,64.11908854166667,3.35,2.8,0.0,32
414,64.83669074742984,5.15,0.0,0.0,77
415,68.07491753472222,5.95,0.0,0.0,153
416,69.4717282578494,8.2,0.0,0.0,272
417,70.01451388888889,9.3,0.0,0.0,234
418,69.86962239583333,9.05,0.0,0.0,227
419,71.15011114198388,5.1,0.0,0.0,208
420,66.3909375,2.6,0.0,0.0,237
421,62.07424371353154,4.4,1.9,0.0,222
422,62.84200086805556,5.7,0.0,0.0,233
423,61.97085561961656,3.6,0.0,0.0,226
424,63.91297743055556,5.15,0.0,0.0,268
425,62.31175760627952,7.2,0.0,0.0,339
426,61.34153645833333,7.2,0.0,0.0,461
427,61.33671679633231,8.0,0.0,0.0,500
428,60.45616319444444,7.7,0.0,0.0,559
429,61.45021267361111,7.7,0.0,0.0,648
430,59.726447450680745,7.2,0.0,0.0,635
431,58.8823828125,7.2,0.0,0.0,539
432,58.36690313281467,7.2,0.0,0.0,476
433,56.77146267361111,6.7,0.0,0.0,320
434,55.156649416504585,6.2,0.0,0.0,143
435,55.62145399305555,6.7,0.0,0.0,78
436,55.87771342734093,6.45,0.0,0.0,54
437,58.29088541666667,2.05,0.0,0.0,38
438,58.221311475409834,5.1,0.0,0.0,78
439,69.27667100694444,4.35,0.0,0.0,141
440,68.53178834398445,3.6,0.0,1.0,248
441,71.06092013888889,4.6,0.0,0.0,262
442,70.11704427083333,4.1,0.0,0.0,240
443,69.06263458599611,2.6,0.0,0.0,202
444,68.37720486111111,4.1,0.0,0.0,259
445,68.16084328980273,4.6,0.0,0.0,271
446,69.29045138888888,5.7,0.0,0.0,276
447,69.2493791678244,6.2,0.0,0.0,318
448,68.85123697916667,5.4,0.0,0.0,246
449,67.83396863712142,5.7,0.0,0.0,355
450,67.13471354166667,6.7,0.0,0.0,474
451,66.50735013198111,6.7,0.0,0.0,572
452,67.42112413194444,5.7,0.0,0.0,594
453,66.68931857638889,6.7,0.0,0.0,592
454,65.4232686162823,5.4,0.0,0.0,659
455,65.589453125,5.1,0.0,0.0,833
456,65.63538917060295,3.6,0.0,0.0,874
457,65.20585503472222,3.1,0.0,0.0,818
458,65.00779296332314,3.1,0.0,0.0,654
459,63.979730902777774,2.1,0.0,0.0,385
460,63.59257779938872,3.3499999999999996,0.0,0.0,161
461,65.68177951388888,2.3,0.0,0.0,45
462,65.12435746040566,4.1,0.0,0.0,33
463,67.01079861111111,3.8499999999999996,0.0,0.0,61
464,61.83741577521534,2.6,0.0,0.0,101
465,63.43626302083333,4.1,0.0,0.0,196
466,80.093671875,5.15,0.0,0.0,246
467,80.8165375798833,5.1,0.0,0.0,264
468,70.71123697916667,7.7,0.0,0.0,328
469,68.14633839260905,7.7,0.0,0.0,335
470,65.95227864583333,6.7,0.0,0.0,385
471,65.38363955265352,4.1,0.0,0.0,440
472,64.81293836805555,6.1499999999999995,0.0,0.0,467
473,62.73526934565157,8.2,0.0,0.0,563
474,61.31238715277778,6.2,0.0,0.0,626
475,65.34842577799388,6.95,0.0,0.0,681
476,69.17670138888889,9.3,0.0,0.0,610
477,69.21725694444444,9.3,0.0,0.0,587
478,68.74008405112531,8.0,0.0,0.0,698
479,59.650668402777775,6.7,0.0,0.0,813
480,59.780060433453734,6.2,0.0,0.0,987
481,59.509027777777774,5.4,0.0,0.0,981
482,58.73374114337316,4.1,0.0,0.0,797
483,57.33517361111111,4.1,0.0,0.0,492
484,55.299987843845514,4.6,0.0,0.0,227
485,54.18803385416667,2.3,0.0,0.0,55
486,55.95446217699361,2.6,0.0,0.0,34
487,56.237026909722225,2.85,0.0,0.0,33
488,58.17573023756599,3.1,0.0,0.0,81
489,60.083272569444446,3.6,0.0,0.0,146
490,61.45190538194444,3.6,0.0,0.0,187
491,64.32257224228952,4.6,0.0,0.0,225
492,63.55883680555556,3.6,0.0,0.0,292
493,63.181560850236174,3.6,0.0,0.0,334
494,63.913671875,3.1,0.0,0.0,361
495,64.45938976104473,4.6,0.0,0.0,396
496,63.01700520833333,4.35,0.0,0.0,328
497,61.6363486385107,3.1,0.0,2.0,363
498,61.642986111111114,2.6,0.0,0.0,417
499,60.673281640733535,3.1,0.0,0.0,395
500,59.14010416666667,3.6,0.0,0.0,342
501,59.11123315504307,3.1,0.0,0.0,385
502,58.332248263888886,2.6,0.0,0.0,278
503,57.457057291666665,3.1,0.0,0.0,190
504,56.761648200889134,4.6,0.0,1.0,138
505,56.511996527777775,3.05,0.0,0.0,78
506,55.64444116421228,2.1,0.0,0.0,57
507,55.04053385416667,2.1,0.0,0.0,25
508,55.35809860377883,2.1,0.0,0.0,30
509,55.928411458333336,0.0,0.0,0.0,46
510,58.447837072798,2.6,0.0,0.0,61
511,62.196302083333336,2.6,0.0,0.0,120
512,62.13401292025563,1.5,0.0,0.0,224
513,63.608845486111115,2.1,0.0,0.0,208
514,63.41551215277778,1.05,0.0,0.0,200
515,67.98070210475132,1.5,0.0,0.0,161
516,65.9542578125,1.5,0.0,0.0,189
517,64.89059460961379,1.5,0.0,0.0,221
518,62.65436631944444,0.0,0.0,0.0,223
519,65.59060763888888,0.0,0.0,0.0,234
520,66.35976139205334,0.75,0.0,0.0,246
521,63.24336805555556,1.5,0.0,0.0,264
522,63.002305327868854,1.5,0.0,0.0,353
523,62.6779296875,2.05,0.0,0.0,411
524,60.35666666666667,3.1,0.0,0.0,353
525,61.251719227563214,3.6,0.0,0.0,386
526,59.57051215277778,3.8499999999999996,0.0,0.0,357
527,59.56939427618783,5.1,0.0,0.0,238
528,58.91638454861111,4.1,0.0,0.0,154
529,55.737348916365654,3.9749999999999996,0.0,0.0,112
530,55.240329861111114,3.6,0.0,0.0,70
531,56.854777368713535,2.6,0.0,0.0,27
532,58.40301649305555,2.6,0.0,0.0,34
533,56.55144224090025,2.4,0.0,0.0,47
534,60.43459201388889,3.35,0.0,0.0,78
535,62.91674913194444,2.766666666666667,0.0,0.0,112
536,69.07813802445123,2.1,0.0,0.0,231
537,66.86677083333333,2.6,0.0,0.0,248
538,64.86194949986107,1.55,0.0,0.0,223
539,64.91877604166666,2.766666666666667,0.0,0.0,196
540,64.8973065434843,6.5,0.09999999999999999,0.0,223
541,64.11726996527777,8.775,0.25,0.0,210
542,62.593745658516255,6.325,0.075,0.0,235
543,62.435985243055555,7.7250000000000005,0.5,0.0,223
544,62.73813472492359,10.825000000000001,2.05,0.0,244
545,62.864644097222225,12.075,0.125,0.0,291
546,61.95650701583773,10.05,0.25,0.0,392
547,60.81170572916667,7.3500000000000005,1.325,0.0,448
548,59.29996613642678,4.1,0.0,0.0,487
549,59.476970486111114,5.7,0.0,0.0,454
550,58.45251302083334,4.15,0.15,0.0,493
551,56.83444185884968,9.25,0.0,0.0,327
552,55.92096073662265,6.2,0.0,0.0,214
553,55.11424180327869,7.5,0.15,0.0,141
554,56.7676953125,7.2,0.0,0.0,73
555,55.99340094470686,8.2,0.0,0.0,48
556,56.547864583333336,8.2,0.0,0.0,26
557,55.999270630730756,4.1,2.8,0.0,54
558,57.22578559027778,6.2,0.0,0.0,75
559,62.503425430675186,5.15,0.0,0.0,128
560,64.00350260416667,5.1,0.0,0.0,236
561,66.75383353014726,6.2,0.0,0.0,249
562,64.34303819444445,6.45,0.0,0.0,240
563,63.14362413194444,7.2,0.0,0.0,196
564,63.36064854121643,6.7,0.0,0.0,241
565,63.634044200450454,7.2,2.65,0.0,241
566,61.95372846624062,8.8,0.0,0.0,262
567,62.462078993055556,8.2,0.0,0.0,318
568,62.296089191442064,8.5,0.0,0.0,256
569,61.508823784722225,9.3,0.0,0.0,312
570,61.246671006944446,7.7,0.0,0.0,460
571,61.30843202973048,8.8,0.0,0.0,571
572,59.820625,8.8,0.0,0.0,570
573,59.382215545985,8.2,0.0,0.0,540
574,58.37009548611111,9.0,0.0,0.0,546
575,58.25316494165046,8.2,0.0,0.0,396
576,57.60399958517699,8.8,0.0,0.0,285
577,56.111554424840236,8.25,0.0,0.0,141
578,55.3585546875,9.3,0.0,0.0,101
579,54.4943359375,8.2,0.0,0.0,43
580,56.0574030980828,8.75,0.0,0.0,39
581,56.11862413194444,3.1,0.0,0.0,33
582,58.18367949430397,8.2,0.0,0.0,74
583,63.84112413194445,8.75,0.0,0.0,145
584,63.90425291747707,7.2,0.0,0.0,259
585,63.79150173611111,6.2,0.0,0.0,253
586,63.99443142361111,6.95,0.0,0.0,238
587,64.2752934843012,6.2,0.0,0.0,249
588,62.99532986111111,7.7,0.0,0.0,274
589,63.47193230758544,7.7,0.0,0.0,233
590,61.292109375,9.8,0.0,0.0,269
591,63.59878177966102,8.8,0.0,0.0,250
592,62.090885416666666,8.5,0.0,0.0,276
593,62.37529087941095,9.3,0.0,0.0,330
594,62.0662109375,7.2,0.0,0.0,512
595,62.212612847222225,6.45,0.0,0.0,603
596,61.4410122603501,6.2,0.0,0.0,599
597,60.294474826388885,8.8,0.0,0.0,591
598,59.034618991386495,8.25,0.0,0.0,593
599,58.725286458333336,5.7,0.0,0.0,637
600,57.43563316198944,7.2,0.0,0.0,448
601,56.06220486111111,6.15,0.0,0.0,306
602,55.908399034454014,4.6,0.0,0.0,154
603,55.01022135416667,4.6,0.0,0.0,104
604,53.559405381944444,4.1,0.0,0.0,68
605,59.69797165879411,1.55,0.0,0.0,36
606,58.534878472222225,2.6,0.0,0.0,64
607,63.025888267574324,2.6,0.0,0.0,160
608,65.41276475694444,3.6,0.0,0.0,311
609,65.89388111280911,3.1,0.0,0.0,262
610,66.26131076388889,3.1,0.0,0.0,225
611,66.15197048611111,3.1,0.0,0.0,260
612,67.14412423589886,2.1,0.0,0.0,248
613,67.0676953125,1.8,0.0,0.0,253
614,66.8271134342873,2.6,0.0,0.0,281
615,66.01887152777778,3.1,0.0,0.0,276
616,66.92962888996944,3.35,0.0,0.0,292
617,67.59542534722222,2.6,0.0,0.0,399
618,66.45256494859683,4.6,0.0,0.0,525
619,66.93598090277777,4.35,0.0,0.0,607
620,66.82023003472223,3.1,0.0,0.0,606
621,66.39771898444012,4.1,0.0,0.0,672
622,66.71561197916667,3.5999999999999996,0.0,0.0,685
623,66.15029782578495,4.6,0.0,0.0,885
624,66.31841145833333,4.6,0.0,0.0,995
625,65.13133422478467,5.15,0.0,0.0,936
626,65.12416666666667,7.2,0.0,0.0,764
627,63.51805989583333,6.2,0.0,0.0,570
628,62.995280807168655,5.65,0.0,0.0,214
629,64.91349392361111,2.55,0.0,0.0,65
630,62.42480984301195,4.1,0.0,0.0,33
631,65.45065104166666,4.1,0.0,0.0,67
632,68.98598569046958,3.1,0.0,0.0,126
633,68.97117621527778,4.1,0.0,0.0,204
634,67.84598586412892,4.1,0.0,1.0,236
635,68.05845920138889,3.6,0.0,0.0,320
636,68.82896267361112,3.1,0.0,0.0,404
637,69.5382745207002,3.35,0.0,0.0,428
638,73.02527777777777,2.6,0.0,0.0,414
639,70.23631130175049,4.6,0.0,0.0,429
640,69.73998697916667,4.35,0.0,0.0,506
641,69.70283412058905,3.6,0.0,0.0,526
642,68.04083767361111,5.1,0.0,0.0,591
643,68.14256130175049,5.9,0.0,0.0,638
644,67.87976996527777,8.2,0.0,0.0,622
645,68.29340277777777,9.3,0.0,0.0,601
646,68.20986298277299,8.75,0.0,0.0,710
647,67.20665364583333,8.8,0.0,0.0,868
648,66.14455404278966,6.2,0.0,0.0,961
649,65.2835546875,6.45,0.0,0.0,933
650,65.6488434287302,7.2,0.0,0.0,880
651,64.768046875,5.1,0.0,0.0,604
652,63.463480902777775,4.6,0.0,0.0,230
653,61.69249704779105,3.1,0.0,1.0,54
654,63.14993489583333,6.7,0.0,0.0,29
655,62.968085752986944,5.4,0.0,0.0,44
656,65.48891059027778,2.6,0.3,0.0,67
657,65.87596815087524,0.0,0.25,0.0,125
658,66.441015625,1.05,0.75,0.0,231
659,67.53564358155043,3.6,0.8,0.0,290
660,66.54871527777777,3.6,0.5,0.0,374
661,67.4513671875,3.35,1.9,0.0,348
662,67.11131998471798,3.1,0.5,0.0,336
663,66.96123263888889,1.5,0.3,0.0,306
664,66.75618661433731,1.5,1.15,0.0,364
665,66.427734375,1.8,0.65,0.0,301
666,66.35472092942484,2.05,0.35,0.0,343
667,67.22148871527777,2.233333333333333,1.1666666666666667,1.0,376
668,66.14903011253126,1.8,0.0,0.0,281
669,65.82670572916666,0.0,0.0,0.0,253
670,64.7550390625,0.75,0.15,0.0,196
671,63.807763441233675,0.0,0.0,0.0,209
672,57.167018229166665,0.0,0.0,0.0,163
673,56.250217074187276,1.05,0.15,0.0,90
674,54.90077256944444,3.1,0.0,0.0,68
675,55.95026396221173,3.1,0.0,0.0,35
676,56.39241753472222,3.1,0.0,0.0,26
677,57.434474826388886,2.066666666666667,2.1999999999999997,0.0,54
678,60.45140143095304,3.1,0.0,0.0,81
679,63.98210069444445,3.8499999999999996,0.0,0.0,128
680,65.89699395665463,5.1,0.0,0.0,181
681,65.89355034722222,6.2,0.0,0.0,206
682,66.52294474159488,5.95,0.0,0.0,195
683,64.31942708333334,5.7,0.0,0.0,191
684,68.27481592108919,5.1,0.0,0.0,206
685,65.6931640625,5.4,1.65,0.0,235
686,62.636866319444444,7.2,0.0,0.0,243
687,63.602841066963045,7.7,0.0,0.0,236
688,62.99393229166667,7.2,0.0,0.0,222
689,62.5695635940539,7.2,0.0,0.0,278
690,64.01299913194444,6.95,0.0,0.0,369
691,62.23708842734093,8.033333333333333,0.0,0.0,424
692,61.88185763888889,7.7,0.0,0.0,387
693,62.31166666666667,6.7,0.0,0.0,401
694,59.858389483189775,6.7,0.0,0.0,347
695,59.307803819444445,8.2,0.0,0.0,261
696,58.634716240622396,7.2,0.0,0.0,176
697,57.25490451388889,7.45,0.0,0.0,106
698,55.82118296749097,9.3,0.0,0.0,85
699,56.18964409722222,7.2,0.0,0.0,46
700,55.8183132467352,8.0,0.0,0.0,40
701,64.24565538194445,3.85,0.0,0.0,33
702,59.3303515625,4.85,0.35,0.0,77
703,62.79296766462906,6.15,0.4,0.0,125
704,64.96540798611112,6.7,0.3,0.0,254
705,64.23308123784385,5.7,0.16666666666666666,0.0,215
706,63.63375868055556,5.0,0.25,0.0,212
707,62.75464104612392,5.866666666666667,0.26666666666666666,0.0,211
708,63.23942708333333,4.1,0.15,0.0,220
709,64.71246353153654,4.875,0.5,0.0,222
710,63.04144965277778,4.1,0.15,0.0,277
711,63.09533854166666,4.6,0.0,0.0,274
712,62.960822450680745,4.433333333333333,0.0,0.0,258
713,62.21180121527778,2.6,0.0,0.0,327
714,61.40005470269519,3.1,0.0,0.0,467
715,61.593897569444444,3.35,0.0,0.0,472
716,60.71598013337038,6.2,0.0,0.0,513
717,59.68210503472222,6.15,0.0,0.0,520
718,59.38097222222222,8.25,0.0,0.0,453
719,58.4906267365935,11.8,0.0,0.0,391
720,56.837764756944445,12.9,0.0,0.0,180
721,55.187743123089746,11.600000000000001,0.0,0.0,142
722,54.46625,8.8,0.0,0.0,84
723,54.015234266462905,9.8,0.0,0.0,29
724,54.61202256944444,9.55,0.0,0.0,35
725,57.13765542511809,4.65,1.25,0.0,51
726,58.07682725694445,7.7,0.0,0.0,76
727,62.0966796875,7.45,0.0,0.0,151
728,62.61371214226174,8.2,0.0,0.0,282
729,65.19835503472223,8.2,0.0,0.0,283
730,63.10998280772437,6.6499999999999995,0.0,0.0,227
731,61.43725694444444,6.7,0.0,0.0,226
732,63.09561683801056,6.7,0.0,0.0,243
733,62.28911892361111,6.2,0.0,0.0,281
734,62.34616319444444,4.1,0.0,0.0,253
735,62.04128316893581,3.6,0.0,0.0,278
736,63.04676215277778,3.35,0.0,0.0,243
737,62.292112392331205,5.7,0.0,0.0,352
738,61.08640190972222,4.6,0.0,0.0,478
739,62.28352059599889,4.85,0.0,0.0,558
740,59.59189670138889,5.7,0.0,0.0,495
741,59.575928209224784,4.1,0.0,0.0,520
742,58.52415798611111,4.6,0.0,0.0,532
743,57.66859375,6.2,0.0,0.0,442
744,57.244842317310365,7.7,0.0,0.0,252
745,56.053784722222225,8.25,0.0,1.0,159
746,54.90779122672965,9.3,0.0,0.0,75
747,55.897686631944445,8.2,0.0,0.0,46
748,56.56838705195888,7.699999999999999,0.0,0.0,51
749,60.46226996527778,2.85,0.0,0.0,29
750,60.332713948318975,4.6,0.0,0.0,80
751,62.456328125,5.15,0.0,0.0,164
752,63.37762586805555,6.7,0.0,0.0,254
753,65.83113364823562,6.2,0.0,0.0,258
754,62.37545572916667,5.65,0.0,0.0,244
755,63.36162388858016,5.7,0.0,0.0,240
756,62.85720920138889,4.6,0.0,0.0,234
757,65.77648305084746,4.85,0.0,0.0,260
758,62.968472222222225,5.7,0.0,0.0,258
759,62.889609375,5.7,0.0,0.0,302
760,62.621014517921644,4.9,0.0,0.0,257
761,63.06439236111111,3.6,0.0,0.0,328
762,63.014787093637125,3.1,0.0,0.0,485
763,61.60193576388889,2.85,0.0,0.0,464
764,61.821630140316756,3.1,0.0,0.0,474
765,60.51026041666667,2.6,0.0,0.0,597
766,60.20128855237566,2.6,0.0,0.0,637
767,61.4034375,2.6,0.0,0.0,637
768,60.68299913194444,2.6,0.0,0.0,526
769,59.88338340511253,2.35,0.0,0.0,327
770,58.10619357638889,1.5,0.0,0.0,165
771,57.46828980272298,0.0,0.0,0.0,77
772,57.303372395833335,0.75,0.0,0.0,59
773,57.97047356904696,1.3,1.3,0.0,42
774,59.27483506944444,0.0,1.0,0.0,85
775,62.412150076410114,3.4,1.9000000000000001,0.0,143
776,62.09895399305555,4.6,1.5,0.0,234
777,65.21867621527778,4.1,0.5,0.0,265
778,68.49426489997221,5.15,2.15,0.0,255
779,67.78436631944444,8.25,0.0,0.0,235
780,68.28998940677967,11.3,0.0,0.0,298
781,69.05387586805556,10.133333333333335,1.6666666666666667,0.0,320
782,62.90750468880245,10.3,0.0,1.0,318
783,62.37129340277778,10.3,0.0,0.0,365
784,62.32257378472222,10.55,0.0,0.0,325
785,62.09302931369825,9.8,0.0,0.0,412
786,63.173893229166666,12.4,0.0,0.0,606
787,61.06499201166991,11.350000000000001,0.0,0.0,657
788,60.67280815972222,10.8,0.0,0.0,642
789,60.24178591275354,11.3,0.0,1.0,687
790,61.35820746527778,10.55,0.0,0.0,750
791,60.181343776048905,10.8,0.0,0.0,874
792,59.483784722222225,9.8,0.0,0.0,794
793,59.65799913194444,9.55,0.0,0.0,867
794,58.72118991386496,15.4,0.0,0.0,744
795,57.006436631944446,7.7,0.0,0.0,400
796,54.52637885523757,8.5,0.0,0.0,192
797,57.41125,5.4,2.65,0.0,40
798,55.364319949986104,9.3,0.0,0.0,35
799,60.36421875,7.5,0.0,0.0,59
800,60.06656684027778,6.2,0.0,0.0,149
801,61.220460544595724,4.6,0.0,0.0,243
802,60.86240885416667,4.6,0.0,0.0,262
803,63.285226799110866,5.7,0.0,0.0,328
804,61.10800347222222,5.7,0.0,0.0,432
805,62.89540497360378,6.949999999999999,0.0,0.0,404
806,61.307278645833335,6.7,0.0,0.0,452
807,63.76414455404279,8.2,0.0,0.0,522
808,63.50321180555556,7.699999999999999,0.0,0.0,515
809,61.9399609375,6.2,0.0,0.0,532
810,60.650901292025566,8.8,0.0,0.0,713
811,62.449375,8.5,0.0,0.0,851
812,60.21614510975271,6.7,0.0,0.0,654
813,60.09909288194444,7.2,0.0,0.0,660
814,60.268390525145875,6.95,0.0,0.0,651
815,59.58864583333333,5.7,0.0,0.0,870
816,59.075745866907475,8.8,0.0,0.0,862
817,59.20389322916667,8.25,0.0,0.0,860
818,58.84140625,7.7,0.0,0.0,718
819,57.424887989719366,7.7,0.0,0.0,432
820,55.28391927083333,6.95,0.0,0.0,216
821,54.84196999166435,4.4,0.0,0.0,42
822,55.37428385416667,7.2,0.0,0.0,24
823,55.3498584676299,6.15,0.0,0.0,54
824,55.88537760416666,6.7,0.0,0.0,102
825,61.445386284722225,5.7,0.0,0.0,159
826,61.574156883856624,5.95,0.0,0.0,222
827,64.11069444444445,7.2,0.0,0.0,269
828,62.470907717421504,5.7,0.0,0.0,351
829,61.73474392361111,6.7,0.0,0.0,362
830,62.546384412336764,5.7,0.0,0.0,329
831,61.35420138888889,4.1,0.0,0.0,336
832,63.308801055848846,3.5999999999999996,0.0,0.0,363
833,64.32490017361111,3.6,0.0,0.0,448
834,63.97157118055556,3.1,0.0,0.0,447
835,64.81305570991942,2.4,0.0,0.0,295
836,63.10602430555556,0.0,0.0,0.0,257
837,63.741351764379,1.8,0.15,0.0,228
838,63.02071180555556,2.05,0.3,0.0,309
839,60.20876024590164,4.1,2.3,0.0,261
840,58.74198350694444,5.1,2.8,0.0,144
841,56.302106487913306,4.5,3.425,0.0,98
842,55.54315104166667,4.6,1.25,0.0,45
843,54.4897265625,2.6,6.7,0.0,43
844,55.002361767157545,3.266666666666667,5.766666666666667,0.0,32
845,57.56671440972222,4.466666666666667,8.4,0.0,37
846,61.343333217560435,5.7,0.1,0.0,92
847,62.625,4.65,9.5,0.0,159
848,65.78655095165324,7.7,0.0,0.0,209
849,67.46124565972222,6.7,0.0,0.0,221
850,65.9856076388889,5.9,0.0,0.0,214
851,65.61958182828563,5.1,0.0,0.0,219
852,65.44019097222223,6.2,0.0,0.0,230
853,66.46979195609892,5.65,12.2,0.0,230
854,64.10407986111112,12.100000000000001,0.0,0.0,251
855,61.7406744929147,10.8,0.0,0.0,291
856,61.052638888888886,12.600000000000001,0.0,0.0,268
857,61.780889656849126,11.3,0.0,0.0,330
858,63.53212239583333,11.3,0.0,0.0,478
859,61.32335503472222,11.05,0.0,0.0,445
860,59.05534089330369,8.8,0.0,0.0,365
861,59.364583333333336,6.7,0.0,0.0,453
862,57.574013614893026,6.95,0.0,0.0,369
863,56.910390625,6.7,0.0,0.0,244
864,58.56540445262573,6.2,0.0,0.0,126
865,62.31143229166667,5.65,0.0,0.0,91
866,59.46864583333333,4.6,0.0,0.0,59
867,53.94026118366213,3.6,0.0,0.0,49
868,53.90769965277778,2.55,0.0,0.0,30
869,56.880939149763826,0.0,0.0,0.0,41
870,59.22140625,2.6,0.0,0.0,59
871,67.18916278827452,1.3,0.0,0.0,155
872,63.493090277777775,1.5,0.0,0.0,254
873,64.63036607390941,3.6,0.0,0.0,261
874,63.3751953125,1.8,0.0,0.0,218
875,63.88471788194445,1.5,0.0,0.0,224
876,63.56078511392053,2.1,0.0,0.0,268
877,64.561015625,3.0999999999999996,0.0,0.0,227
878,62.75885662684079,3.6,0.0,0.0,244
879,62.29888888888889,3.1,0.0,0.0,250
880,62.10657040150042,2.6,0.0,0.0,248
881,62.60299913194444,2.6,0.0,0.0,314
882,62.69750712003334,2.1,0.0,0.0,415
883,60.56700954861111,2.35,0.0,0.0,509
884,59.81573350694445,3.1,0.0,0.0,413
885,59.75310850236177,4.6,0.0,0.0,512
886,58.98683159722222,4.35,0.0,0.0,483
887,57.492081133648234,5.1,0.0,0.0,379
888,56.951848958333336,4.6,0.0,0.0,212
889,56.56510489024729,3.5999999999999996,0.0,0.0,107
890,55.83346788194444,2.1,0.0,0.0,78
891,56.339878472222225,1.5,0.0,0.0,59
892,56.143763892747984,0.75,0.0,0.0,36
893,57.983776041666665,1.3,0.0,0.0,54
894,60.410378751041954,3.6,0.0,0.0,83
895,64.11767361111112,3.6,0.0,0.0,144
896,64.38116490691858,4.6,0.0,0.0,266
897,66.33697048611111,3.6,0.0,0.0,256
898,65.89907352736871,3.1,0.0,0.0,246
899,65.78695746527778,4.6,0.0,0.0,216
900,65.62144965277778,6.2,0.0,0.0,276
901,66.81243921922756,5.65,0.0,0.0,295
902,64.74358940972222,4.1,0.0,0.0,284
903,65.25633422478467,4.225,0.6,0.0,310
904,65.30505208333334,4.225,0.475,0.0,250
905,65.08305692553488,2.85,1.0,0.0,328
906,64.22194444444445,3.6,1.4,0.0,558
907,63.016371735204224,3.6,2.566666666666667,1.0,430
908,62.97100694444445,3.5999999999999996,2.3,0.0,486
909,61.818133680555555,5.133333333333334,1.5,0.0,510
910,60.64610829397055,5.833333333333333,3.0,0.0,492
911,59.26138454861111,8.2,1.5,0.0,406
912,57.629771290636285,8.2,4.8,0.0,220
913,55.99945746527778,8.033333333333333,5.0,0.0,122
914,55.17088514170603,6.7,0.8,0.0,82
915,54.629796006944446,7.449999999999999,0.0,0.0,51
916,54.78798177083333,10.799999999999999,0.6666666666666666,0.0,39
917,58.908438107807726,5.9,10.65,0.0,36
918,59.133311631944444,7.7,0.0,0.0,94
919,61.83200194498472,9.25,1.0,0.0,161
920,63.27780815972222,7.2,0.0,0.0,271
921,70.73043727424285,9.8,0.0,0.0,273
922,72.29528211805555,9.0,0.0,0.0,248
923,64.14097666018338,6.2,0.0,0.0,261
924,63.11033420138889,5.1,0.0,0.0,273
925,64.26290364583333,6.15,10.65,0.0,280
926,63.64197954292859,6.2,0.0,0.0,316
927,63.77572048611111,5.7,0.0,0.0,278
928,64.08653445401501,4.65,0.0,0.0,290
929,65.66219184027777,5.1,0.0,0.0,317
930,64.02369581828286,6.2,0.0,0.0,497
931,60.65579861111111,5.95,0.0,0.0,543
932,61.061640625,4.1,0.0,0.0,607
933,59.940235134759654,3.1,0.0,0.0,655
934,59.79064670138889,2.85,0.0,0.0,628
935,58.81960700889136,3.1,0.0,0.0,695
936,58.573671875,8.2,0.0,0.0,466
937,57.10782509030286,7.199999999999999,0.0,0.0,277
938,54.71652777777778,5.1,0.0,0.0,158
939,53.8948058488469,4.6,0.0,0.0,72
940,58.15834201388889,5.4,0.0,0.0,75
941,61.15470052083333,2.3,0.0,0.0,54
942,58.64998523895527,5.7,0.0,0.0,77
943,63.32503472222222,5.15,0.0,0.0,149
944,66.87516931786607,4.6,0.0,0.0,265
945,70.07052517361112,3.1,0.0,0.0,254
946,70.74393060572382,3.5999999999999996,0.0,0.0,219
947,69.30740017361111,2.1,0.0,0.0,275
948,69.40670585579328,0.0,0.0,0.0,301
949,69.49197482638888,0.75,0.0,0.0,320
950,69.00770833333333,2.1,0.0,0.0,346
951,69.97021742150598,2.6,0.0,0.0,300
952,69.49600260416666,3.5999999999999996,0.0,0.0,294
953,69.67511374687413,4.6,0.0,0.0,390
954,68.22169270833334,4.6,0.0,0.0,522
955,68.2718376632398,4.85,0.0,0.0,604
956,67.86995659722223,4.6,0.0,0.0,571
957,68.29419704861111,6.2,0.0,0.0,615
958,67.98830404278966,6.95,0.0,0.0,736
959,67.34990885416667,9.3,0.0,0.0,799
960,67.02106053764935,8.2,0.0,1.0,905
961,66.4227734375,6.949999999999999,0.0,0.0,895
962,65.86766289247014,6.2,0.0,0.0,627
963,65.00585503472222,4.1,0.0,0.0,436
964,64.57089208808003,3.5999999999999996,0.0,0.0,176
965,63.930377604166665,1.3,0.0,0.0,52
966,56.05211371527778,1.8,0.0,0.0,50
967,62.365487809113645,1.8,0.0,0.0,98
968,62.322664930555554,2.1,0.0,0.0,156
969,65.10193803834399,2.1,0.0,0.0,222
970,63.422999131944444,2.35,0.0,0.0,263
971,64.44553174492914,2.1,0.0,0.0,379
972,65.15016059027778,1.5,0.0,0.0,548
973,66.54001111419839,2.05,0.0,0.0,554
974,66.45966145833333,3.1,0.0,0.0,546
975,66.85550347222222,2.6,0.0,0.0,467
976,66.2318656223951,2.6,0.0,0.0,421
977,64.80474392361111,1.5,0.0,0.0,480
978,63.1095182689636,2.6,0.0,0.0,700
979,65.23754774305556,2.35,0.0,0.0,733
980,64.12653254376215,3.1,0.3,0.0,651
981,63.516171875,0.0,0.25,0.0,662
982,62.49416232638889,1.0,0.16666666666666666,0.0,661
983,61.74928799666574,1.8,0.15,0.0,792
984,63.055941840277775,2.1,0.3,0.0,992
985,63.38046158655182,3.1,1.125,0.0,987
986,63.24986545138889,1.5333333333333332,0.5,0.0,900
987,61.94033933036955,2.6,1.8,0.0,511
988,58.260815972222225,1.8666666666666665,1.7666666666666666,1.0,205
989,56.325424597110306,0.7000000000000001,2.4,0.0,43
990,57.31861111111111,1.2,0.6666666666666666,0.0,34
991,60.33856336805555,2.1,2.733333333333333,0.0,34
992,59.41601833842734,2.05,1.5,0.0,95
993,61.391901041666664,2.85,0.9,0.0,147
994,61.211612600722425,0.8666666666666667,2.1666666666666665,0.0,234
995,62.428697916666664,2.6,1.0,0.0,255
996,64.44196304529036,3.1,0.65,0.0,426
997,66.7283984375,2.233333333333333,3.1,0.0,440
998,63.902269965277775,1.8,1.75,0.0,375
999,64.19576184356765,2.85,6.75,0.0,365
1000,64.66619357638889,3.5999999999999996,4.166666666666667,0.0,358
1001,64.91892713253682,3.1,1.0,0.0,423
1002,62.17811631944444,3.6,2.3,0.0,373
1003,62.39167998055015,3.8499999999999996,8.25,0.0,328
1004,61.58189670138889,6.95,0.35,0.0,280
1005,60.723256460127814,8.5,0.5,0.0,275
1006,59.80084201388889,7.900000000000001,0.7000000000000001,0.0,210
1007,59.44769097222222,6.2,0.3,0.0,204
1008,57.34032022784107,3.8499999999999996,0.15,0.0,143
1009,56.346753472222225,5.65,2.0,0.0,75
1010,55.576371040566826,6.7,0.0,0.0,49
1011,54.16635850694445,5.7,0.3,0.0,33
1012,56.28595182689636,4.633333333333334,0.09999999999999999,0.0,27
1013,57.74034722222222,3.1,9.566666666666666,0.0,48
1014,59.75977267991109,3.35,0.0,0.0,82
1015,63.355564236111114,2.3,0.15,0.0,136
1016,63.14315104166667,1.5499999999999998,0.0,0.0,231
1017,64.01081029452625,5.7,0.0,0.0,243
1018,64.44695746527778,6.2,0.0,0.0,226
1019,64.10064427618784,8.8,0.0,0.0,231
1020,64.32370659722223,7.7,0.0,0.0,243
1021,63.616651326757435,9.25,0.0,0.0,247
1022,62.21444010416667,8.8,0.0,0.0,227
1023,64.39746527777778,7.7,0.0,0.0,250
1024,64.39667268685746,7.7,0.0,0.0,237
1025,63.16309461805555,7.2,0.0,0.0,378
1026,63.21222040844679,6.7,0.0,0.0,485
1027,60.35721354166667,6.7,0.0,0.0,474
1028,60.06203111975549,6.7,0.0,0.0,455
1029,59.827152777777776,6.7,0.0,0.0,459
1030,57.49292772297861,6.2,0.0,0.0,469
1031,57.194774305555555,7.2,0.0,0.0,363
1032,56.879609375,6.2,0.0,0.0,173
1033,54.920542164490136,6.45,0.0,0.0,105
1034,54.59065104166667,7.7,0.0,0.0,100
1035,55.00092473603779,6.7,0.0,0.0,56
1036,54.8403515625,6.45,0.0,0.0,31
1037,59.65077538899694,4.1,0.0,0.0,44
1038,59.9293359375,8.2,0.0,0.0,87
1039,66.47416383023062,7.199999999999999,0.0,0.0,136
1040,64.74830729166666,6.7,0.0,0.0,250
1041,65.07676649305556,8.2,0.0,0.0,228
1042,63.02027038760767,8.75,0.0,0.0,217
1043,63.028697916666665,7.2,0.0,0.0,212
1044,63.33014378994165,6.7,0.0,0.0,283
1045,63.46413628472222,6.2,0.0,0.0,278
1046,62.39564375520978,5.7,0.0,0.0,284
1047,63.15989583333333,3.6,0.0,0.0,302
1048,63.79147569444444,3.6,0.0,0.0,265
1049,63.357959676298975,3.1,0.0,0.0,289
1050,62.43308159722222,3.1,0.0,0.0,461
1051,61.11036485829397,2.6,0.0,0.0,497
1052,60.99487413194444,5.1,0.0,0.0,499
1053,60.85644883995554,4.6,0.0,0.0,539
1054,59.89118055555556,5.4,0.0,0.0,487
1055,58.72985551542095,4.6,0.0,0.0,411
1056,57.89221354166666,2.6,0.0,1.0,247
1057,56.45227864583333,1.3,0.0,0.0,177
1058,56.155043067518754,2.1,0.0,0.0,92
1059,56.12706597222222,1.5,0.0,0.0,49
1060,55.79139170602945,0.75,0.0,0.0,33
1061,58.281779513888885,0.0,0.0,0.0,43
1062,59.38642678521811,1.5,0.0,0.0,81
1063,64.22567708333334,0.75,0.0,0.0,147
1064,62.86955295138889,2.6,0.0,0.0,284
1065,65.55628299527646,1.5,0.0,0.0,277
1066,62.91444444444444,2.3,0.0,0.0,227
1067,63.76729647124201,2.6,0.0,0.0,239
1068,63.76098524305556,3.1,0.0,0.0,257
1069,63.090333252292304,4.1,0.0,0.0,273
1070,62.89754340277778,5.7,0.0,0.0,287
1071,62.627756842178385,4.35,0.0,0.0,256
1072,63.08220486111111,5.65,0.0,0.0,258
1073,63.64146701388889,5.7,0.0,0.0,351
1074,62.81711499722145,5.7,0.0,0.0,510
1075,62.75338541666667,5.15,0.0,0.0,559
1076,63.01595495276466,5.1,0.0,0.0,516
1077,68.47411892361112,6.2,0.0,0.0,508
1078,61.51549475548764,6.45,0.0,0.0,592
1079,62.42674913194445,4.6,0.0,0.0,630
1080,60.60950958599611,3.1,0.0,0.0,362
1081,58.13490885416667,3.5999999999999996,0.0,0.0,219
1082,57.32611979166666,3.6,0.0,0.0,100
1083,56.62410999583218,3.6,0.0,0.0,60
1084,56.21174479166667,4.1,0.15,0.0,48
1085,56.976521255904416,1.55,1.4,0.0,36
1086,59.37774739583333,2.1,0.3,0.0,103
1087,62.048620276465684,2.1,1.15,0.0,156
1088,63.97125,2.6,0.5,0.0,234
1089,65.18122829861112,2.35,0.1,0.0,224
1090,65.26540358432898,1.5666666666666667,0.26666666666666666,0.0,230
1091,63.2595703125,2.6,0.0,0.0,213
1092,63.25820974576271,3.1,0.0,0.0,249
1093,62.30634548611111,3.1,0.4,0.0,260
1094,62.47348221728258,3.6,0.0,0.0,287
1095,63.46502604166667,4.35,0.0,0.0,307
1096,64.20234353292581,3.9749999999999996,0.0,0.0,235
1097,64.36578125,3.35,0.0,0.0,334
1098,63.33123263888889,3.1,0.0,0.0,452
1099,61.58773270352876,3.266666666666667,0.0,0.0,516
1100,62.31154079861111,4.1,0.0,0.0,515
1101,62.6688967421506,2.1,0.0,0.0,597
1102,62.580967881944446,1.8,0.0,0.0,590
1103,62.17451462211726,1.5,0.0,0.0,580
1104,60.59341579861111,0.0,0.0,0.0,395
1105,58.72164576965824,1.3,0.0,0.0,293
1106,58.58402777777778,3.1,0.0,0.0,134
1107,56.87643229166667,4.6,0.5,0.0,95
1108,56.641189392886915,3.05,0.55,0.0,54
1109,58.18039496527778,1.55,2.65,0.0,55
1110,59.125390733537095,3.6,0.5,0.0,76
1111,62.928684895833335,3.233333333333333,1.0,0.0,134
1112,63.609757050569605,2.1,0.3,0.0,247
1113,64.61861545138889,0.0,0.0,0.0,266
1114,65.11052951388889,2.316666666666667,0.2333333333333333,0.0,294
1115,68.87458321756043,2.766666666666667,0.16666666666666666,0.0,214
1116,64.211484375,4.35,0.25,0.0,282
1117,63.76000712003334,4.85,0.65,0.0,277
1118,63.315494791666666,1.5,0.0,0.0,320
1119,63.5137928938594,5.1,0.0,0.0,329
1120,63.947200520833334,4.85,0.15,0.0,354
1121,63.6238451653237,3.6,0.0,0.0,365
1122,61.35657552083333,6.2,0.0,0.0,563
1123,69.06680989583333,5.65,0.15,0.0,583
1124,61.53581724090025,7.7,0.0,0.0,592
1125,61.62795138888889,7.7,0.3,0.0,620
1126,60.091023548207836,8.433333333333334,0.3333333333333333,0.0,705
1127,60.74775607638889,10.3,0.0,0.0,810
1128,59.61364702000556,13.4,0.0,0.0,835
1129,58.89253472222222,12.600000000000001,0.4,0.0,729
1130,58.720390625,7.7,0.0,0.0,730
1131,56.954496908863575,7.7,0.0,0.0,355
1132,56.073619791666665,7.2,0.0,0.0,172
1133,56.78863052236733,4.1,1.4,0.0,39
1134,63.49658854166667,7.2,0.0,0.0,37
1135,59.41340476521256,6.7,0.0,0.0,82
1136,62.60337239583333,5.7,0.0,0.0,119
1137,65.23391046123923,7.2,0.0,0.0,197
1138,63.794796006944445,5.4,0.0,0.0,217
1139,62.99144097222222,4.1,0.0,0.0,272
1140,61.87203910808558,3.6,0.0,0.0,373
1141,63.205464409722225,3.6,0.5,0.0,407
1142,63.42666799805502,5.1,0.0,0.0,464
1143,61.913012152777775,4.6,0.0,0.0,479
1144,61.91688663517644,4.6,0.0,0.0,473
1145,64.73046875,5.1,0.0,0.0,475
1146,63.62118817727146,5.1,0.0,0.0,595
1147,64.0930078125,5.4,0.0,0.0,721
1148,63.9299609375,4.1,0.0,0.0,605
1149,64.62594210197277,4.1,0.0,0.0,617
1150,64.10646701388889,4.1,0.0,0.0,698
1151,62.52947867463184,2.6,0.0,0.0,705
1152,62.30350694444444,3.9333333333333336,0.09999999999999999,0.0,763
1153,61.91325715476521,4.1,0.96,0.0,720
1154,59.96830729166667,3.6,3.6,0.0,636
1155,58.391202256944446,3.8499999999999996,2.4,0.0,424
1156,58.20005991247569,2.05,5.5,0.0,201
1157,57.310551215277776,1.2,4.333333333333333,0.0,44
1158,57.55214121978327,0.0,0.25,0.0,30
1159,58.353116319444446,0.375,3.25,0.0,36
1160,58.39867411086413,3.6,0.0,1.0,56
1161,59.84584201388889,5.1,0.0,0.0,100
1162,65.0946660530703,5.466666666666666,0.0,0.0,177
1163,62.71754340277778,5.4,0.0,0.0,228
1164,62.97830295138889,7.7,0.0,0.0,349
1165,63.54351903306474,9.75,0.0,0.0,369
1166,62.981484375,11.3,0.0,0.0,366
1167,62.362652820227844,7.7,0.0,0.0,408
1168,64.15684461805556,7.949999999999999,0.0,0.0,426
1169,63.398074986107254,5.1,0.0,0.0,427
1170,61.78536458333333,4.6,0.0,0.0,519
1171,60.830403645833336,4.85,0.0,0.0,458
1172,59.49220269519311,6.2,0.0,0.0,417
1173,59.22483072916667,5.1,0.0,0.0,420
1174,59.04815139622117,5.9,0.0,0.0,423
1175,58.61421440972222,3.1,0.0,0.0,424
1176,58.492450159766605,3.6,0.0,0.0,364
1177,56.99695746527778,2.85,0.0,0.0,319
1178,56.89720234787441,4.1,0.0,0.0,248
1179,55.91862413194445,2.1,0.0,0.0,156
1180,55.986102430555555,1.05,0.0,0.0,86
1181,56.14031675465407,0.75,0.25,0.0,46
1182,58.39773003472222,2.1,0.0,0.0,54
1183,60.84642435398722,2.6,0.0,0.0,60
1184,60.905611979166665,3.1,0.0,0.0,105
1185,62.124509412336764,2.1,0.0,0.0,129
1186,60.84907552083333,2.35,0.0,0.0,164
1187,63.09353726729647,3.1,0.0,0.0,221
1188,64.31957465277777,2.6,0.0,0.0,228
1189,64.44387152777777,2.35,0.0,0.0,260
1190,63.70973707974437,4.1,0.0,0.0,280
1191,63.27544704861111,4.1,0.0,0.0,297
1192,63.00354699222006,4.35,0.0,0.0,315
1193,62.213289930555554,5.1,0.0,0.0,413
1194,62.71772106835232,6.2,0.0,0.0,519
1195,63.019140625,5.95,0.0,0.0,435
1196,60.19634982638889,5.7,0.0,0.0,352
1197,61.23896828980272,5.1,0.0,0.0,317
1198,59.789288194444445,5.1,0.0,0.0,261
1199,59.51477406918588,4.6,0.0,0.0,190
1200,57.532573784722224,4.1,0.25,0.0,113
1201,56.64637312447902,4.35,0.15,0.0,84
1202,56.16353732638889,2.8,0.0,0.0,67
1203,56.0950481036399,2.8,0.0,0.0,57
1204,56.12810329861111,3.35,0.0,0.0,27
1205,57.623033854166664,1.7333333333333334,0.09999999999999999,0.0,32
1206,59.161242706307306,3.1,0.0,0.0,60
1207,61.60546875,2.85,0.0,0.0,112
1208,63.876150493192554,1.5,0.0,0.0,178
1209,64.98666666666666,2.6,0.0,0.0,237
1210,63.95875590441789,2.85,0.0,0.0,195
1211,62.84644965277778,2.85,0.0,0.0,215
1212,63.48743140455682,3.1,0.0,0.0,212
1213,64.90998263888889,3.1,0.0,0.0,226
1214,65.35832465277778,4.82,0.0,0.0,245
1215,66.1983623923312,5.95,0.0,0.0,274
1216,65.17072048611111,5.7,0.0,0.0,258
1217,65.41017904278966,5.7,0.0,0.0,350
1218,63.85287326388889,6.7,0.0,0.0,363
1219,62.8920663726035,5.9,0.0,0.0,422
1220,62.29962239583333,4.1,0.0,0.0,405
1221,61.263346354166664,3.6,0.0,0.0,438
1222,59.56266497638233,1.8,0.0,0.0,427
1223,59.04903211805556,2.1,0.0,0.0,318
1224,58.65443525979439,2.1,0.0,0.0,195
1225,57.82719184027778,1.8,0.0,0.0,131
1226,56.4389413726035,0.0,0.0,0.0,101
1227,56.51122395833333,0.0,0.0,0.0,52
1228,56.59525215337594,1.3,0.0,0.0,41
1229,57.36771267361111,2.68,0.0,0.0,43
1230,58.66597222222222,4.433333333333333,0.0,0.0,67
1231,64.3377934843012,6.333333333333333,0.0,0.0,102
1232,64.41794704861111,6.033333333333334,0.0,0.0,270
1233,64.35147349958322,6.2,0.0,0.0,252
1234,64.497734375,3.1,0.0,0.0,226
1235,63.25873072381217,1.8666666666666665,0.0,0.0,201
1236,65.08953125,2.766666666666667,0.0,0.0,250
1237,64.3212890625,2.85,0.0,0.0,245
1238,64.97657335370937,3.0,0.0,0.0,276
1239,65.9279904513889,3.1,0.0,0.0,304
1240,66.5393338427341,3.6,0.0,1.0,257
1241,66.93835069444444,4.9,0.0,0.0,384
1242,64.96854595026396,5.1,0.0,0.0,461
1243,63.2922265625,5.1,0.0,0.0,505
1244,61.680123819116424,3.6,0.0,0.0,494
1245,62.07290798611111,4.1,0.0,0.0,628
1246,60.09580295138889,4.1,0.0,0.0,548
1247,59.648331133648234,2.6,0.0,0.0,421
1248,58.812421875,2.1,0.0,0.0,261
1249,57.121631008613505,1.05,0.0,0.0,152
1250,56.257725694444446,5.7,0.0,0.0,85
1251,56.19629584606835,6.2,0.5,0.0,61
1252,69.83458767361111,5.65,0.15,0.0,39
1253,62.41633526674076,2.55,0.4,0.0,33
1254,59.61810763888889,4.6,0.0,0.0,71
1255,63.96792534722222,5.4,0.4,0.0,127
1256,65.13287979299805,6.2,0.0,0.0,230
1257,65.46053819444444,6.2,0.0,0.0,254
1258,66.22160669630453,6.2,0.0,0.0,264
1259,66.23242621527778,5.1,0.0,0.0,239
1260,65.4526083634343,6.7,0.0,0.0,279
1261,64.77178385416667,7.2,0.4,0.0,276
1262,64.88817708333333,8.2,0.0,0.0,298
1263,64.17720200055571,6.2,0.0,0.0,261
1264,64.87150607638888,7.566666666666667,0.0,0.0,342
1265,64.1852467699361,7.2,0.0,0.0,358
1266,63.3723046875,8.2,0.0,0.0,481
1267,62.23943717004723,7.449999999999999,0.15,0.0,550
1268,63.75352430555556,5.4,0.25,0.0,538
1269,61.95983693387052,6.7,0.65,0.0,569
1270,60.965030381944445,5.65,0.75,0.0,620
1271,60.18838541666667,5.65,1.0,1.0,551
1272,59.843689219227564,5.65,0.0,0.0,466
1273,58.22674479166667,6.2,1.5,0.0,297
1274,56.96313212003334,5.1,0.0,0.0,172
1275,57.465672743055556,5.1,0.0,0.0,79
1276,57.646516393442624,4.6,0.0,0.0,55
1277,59.92821614583333,2.05,1.4,0.0,34
1278,60.29583738538483,4.6,0.0,0.0,77
1279,64.67003472222223,4.6,0.0,0.0,122
1280,62.38865017361111,5.1,0.0,0.0,257
1281,65.28983745484857,4.1,0.0,0.0,281
1282,66.81309461805556,3.8499999999999996,0.0,0.0,265
1283,66.91126875520978,5.1,0.0,0.0,257
1284,66.43461371527778,5.1,2.8,0.0,271
1285,65.04650163239789,5.1,1.4,0.0,284
1286,65.2600998263889,4.9,0.0,0.0,319
1287,64.15502170138889,2.6,0.35,0.0,299
1288,63.799410426507364,3.433333333333333,0.39999999999999997,0.0,315
1289,64.09232638888889,4.6,0.0,0.0,377
1290,64.10053139761045,7.2,1.3,0.0,560
1291,61.856662326388886,6.45,0.5,0.0,553
1292,61.83590928035566,4.266666666666667,0.0,0.0,562
1293,61.15706597222222,4.1,0.0,0.0,574
1294,61.16667824395665,3.433333333333333,0.0,0.0,627
1295,61.83100694444445,2.6,0.1,0.0,705
1296,61.58825520833334,2.1,1.5,1.0,821
1297,60.28112843845513,1.55,0.5,0.0,793
1298,59.31740017361111,2.6,0.0,0.0,693
1299,58.037141393442624,2.6,0.0,0.0,475
1300,57.21069444444444,3.5999999999999996,0.0,0.0,183
1301,59.176042824395665,2.05,1.5,0.0,42
1302,57.923450520833335,3.6,0.0,0.0,35
1303,63.085720486111114,4.1,0.0,0.0,65
1304,64.34087159627674,6.2,0.0,0.0,141
1305,64.46730902777777,4.1,0.0,0.0,189
1306,63.794304841622676,4.266666666666667,0.0,0.0,211
1307,63.448094618055556,4.1,0.0,0.0,329
1308,62.880578806612945,4.933333333333333,1.0,0.0,394
1309,63.18868923611111,4.266666666666667,1.0,0.0,403
1310,63.429620207001946,3.6,0.0,0.0,397
1311,63.834743923611114,5.1,0.0,0.0,448
1312,62.960811631944445,4.6,0.0,0.0,427
1313,62.30479820783551,4.1,0.0,0.0,397
1314,62.17953125,5.15,0.0,0.0,542
1315,61.5546158655182,4.35,0.0,0.0,585
1316,61.02763454861111,4.1,0.0,0.0,537
1317,62.079844227563214,3.1,1.2,0.0,680
1318,61.84532118055556,3.1,0.6,1.0,690
1319,62.50623002917477,4.1,0.0,0.0,795
1320,61.516328125,2.6,0.0,0.0,979
1321,60.68221354166667,2.35,1.0,0.0,1007
1322,60.28018633648236,4.1,0.2,0.0,955
1323,60.97200086805555,5.675,0.1,0.0,636
1324,61.2702443387052,5.15,0.25,0.0,240
1325,59.329778645833336,2.9,0.6666666666666666,0.0,48
1326,59.6114936440678,4.1,0.5,0.0,35
1327,59.45539930555555,4.6,0.25,0.0,42
1328,60.907161458333334,4.6,0.0,0.0,79
1329,63.3339860030564,6.2,0.2,0.0,167
1330,62.880872395833336,6.366666666666667,1.5333333333333332,0.0,221
1331,63.20450125034732,8.2,5.3,0.0,318
1332,62.620112847222224,10.3,5.0,1.0,313
1333,63.08079501250347,8.566666666666666,6.266666666666667,0.0,390
1334,63.170733506944444,9.3,1.7,0.0,404
1335,62.50649920116699,9.8,2.0,0.0,329
1336,63.12679253472222,8.25,4.5,0.0,324
1337,61.835247395833335,5.1,4.3,0.0,363
1338,62.10886270491803,5.7,0.5,0.0,348
1339,60.22971354166667,5.3,6.0,0.0,313
1340,60.0525449777716,6.15,0.0,0.0,291
1341,59.551358506944446,5.1,0.0,0.0,289
1342,59.772736350375105,4.6,0.0,0.0,258
1343,58.88592447916667,1.5,0.0,0.0,198
1344,57.975079883300914,2.1,0.0,1.0,123
1345,57.10957899305556,2.35,0.0,0.0,97
1346,56.947855902777775,2.6,0.0,0.0,49
1347,57.72042147124201,0.0,0.0,0.0,36
1348,57.03495225694444,1.55,0.0,0.0,30
1349,57.05394727702139,1.8,16.5,0.0,41
1350,58.77395833333333,2.6,0.0,0.0,84
1351,65.07672270075021,2.85,0.0,0.0,144
1352,62.3103515625,2.85,0.0,0.0,208
1353,65.23319878472222,0.0,0.0,0.0,276
1354,64.05571860238955,0.0,0.0,0.0,219
1355,62.48432291666666,2.1,0.0,0.0,204
1356,63.17112392331203,1.5,18.0,0.0,198
1357,64.90694878472222,3.6,9.0,0.0,185
1358,63.059899451236454,7.2,0.0,0.0,241
1359,63.52354166666667,9.3,0.0,0.0,247
1360,65.05228448874688,8.5,0.0,0.0,229
1361,63.47248697916667,5.1,0.0,0.0,280
1362,63.04651041666666,3.6,0.0,0.0,411
1363,61.7604803417616,4.65,0.0,0.0,381
1364,60.702847222222225,5.1,0.0,0.0,383
1365,60.994421193387055,4.6,0.0,0.0,394
1366,59.40633246527778,4.35,0.0,0.0,430
1367,59.05482425673798,3.6,0.0,0.0,266
1368,57.782552083333336,4.6,0.0,0.0,161
1369,56.40069878472222,4.1,0.0,0.0,126
1370,56.773387572936926,4.1,0.0,0.0,89
1371,56.93343315972222,2.6,0.0,0.0,55
1372,56.12991455959989,2.85,0.0,0.0,40
1373,58.68209201388889,1.55,0.0,0.0,37
1374,60.88615327174215,3.6,0.0,0.0,72
1375,63.4439453125,4.65,0.0,0.0,111
1376,62.89744547096416,4.1,0.0,0.0,207
1377,64.59770399305556,4.6,0.0,0.0,245
1378,63.210438368055556,4.6,0.0,0.0,218
1379,63.42219192831342,4.1,0.0,0.0,191
1380,64.02331163194444,3.1,0.0,0.0,243
1381,64.95707575020839,3.35,0.0,0.0,237
1382,66.12519965277778,3.6,0.0,0.0,266
1383,64.7100453250903,4.1,0.0,0.0,257
1384,65.448046875,3.8499999999999996,0.0,0.0,245
1385,64.44577052653514,4.6,0.0,0.0,320
1386,63.18186197916667,4.4,0.0,0.0,436
1387,61.56095920138889,5.4,0.0,0.0,431
1388,62.5890915879411,5.7,0.0,0.0,441
1389,60.76170138888889,7.2,0.0,1.0,518
1390,61.505066511530984,7.699999999999999,0.0,0.0,484
1391,59.156840277777775,8.8,0.0,0.0,359
1392,58.17502691719922,8.8,0.0,0.0,252
1393,57.10529079861111,7.5,0.0,0.0,170
1394,56.3725,5.1,0.0,0.0,102
1395,56.18044508891359,5.1,0.0,0.0,48
1396,61.130833333333335,4.85,0.0,0.0,29
1397,58.9839451931092,2.85,0.0,0.0,48
1398,61.07328993055555,4.6,0.0,0.0,98
1399,63.54797339538761,4.35,0.0,0.0,145
1400,63.5980078125,3.6,0.0,0.0,237
1401,64.44526257293693,4.1,0.0,0.0,259
1402,63.70866319444445,4.6,0.0,0.0,233
1403,65.21711371527778,4.6,0.0,1.0,229
1404,63.829331932481246,5.7,0.0,0.0,264
1405,62.72241319444444,5.15,0.0,0.0,269
1406,63.41168987913309,5.1,0.0,0.0,258
1407,65.49111979166666,4.6,0.0,0.0,267
1408,66.26994043484301,4.35,0.0,0.0,237
1409,65.91836805555556,3.6,0.0,0.0,364
1410,64.94443334954154,3.1,0.0,0.0,485
1411,63.06233072916667,3.35,0.0,0.0,509
1412,61.843125,3.1,0.0,0.0,497
1413,60.101660183384276,3.1,0.0,0.0,523
1414,59.51978298611111,3.8499999999999996,0.0,0.0,506
1415,58.89932533342595,3.6,0.0,0.0,411
1416,58.09704861111111,3.6,0.0,0.0,244
1417,56.3458208877466,3.35,0.0,0.0,152
1418,56.72351128472222,4.6,0.0,0.0,105
1419,58.3182421875,3.6,0.0,0.0,45
1420,56.24300586968602,2.55,0.0,0.0,42
1421,59.770633680555555,0.0,0.0,0.0,38
1422,61.76048902472909,3.6,0.0,0.0,78
1423,62.49345486111111,3.35,0.0,0.0,153
1424,62.72621301055849,3.1,0.0,0.0,225
1425,64.4004296875,4.6,0.0,0.0,223
1426,63.26334572103362,3.3499999999999996,0.0,0.0,231
1427,62.93375434027778,2.6,0.0,0.0,221
1428,63.403407118055554,2.1,0.0,0.0,278
1429,64.79926715754377,1.05,0.0,0.0,256
1430,64.4910546875,0.0,0.0,0.0,290
1431,63.439266983884416,1.5,0.0,0.0,290
1432,65.52407552083334,2.05,0.0,0.0,264
1433,63.883439844401224,2.1,0.0,0.0,355
1434,63.16475694444444,4.1,0.0,0.0,483
1435,62.523151041666665,4.6,0.0,0.0,552
1436,64.58245780077799,5.1,0.0,0.0,563
1437,68.53285590277778,4.6,0.0,0.0,726
1438,66.47585266740761,5.65,0.0,0.0,629
1439,65.53309461805556,5.7,0.0,0.0,573
1440,65.69374739510975,5.1,0.0,0.0,416
1441,64.01734809027778,5.4,0.0,0.0,319
1442,62.59727962628508,5.7,0.25,0.0,170
1443,61.37022569444444,4.6,3.8,0.0,83
1444,59.83625868055555,6.166666666666667,5.633333333333333,0.0,55
1445,62.7921688316199,5.3,7.033333333333334,0.0,44
1446,62.56993923611111,7.5,3.05,0.0,85
1447,65.42839590858571,7.066666666666667,8.166666666666666,0.0,173
1448,66.80848958333333,9.3,9.4,0.0,274
1449,68.39603883023062,10.8,5.8,0.0,298
1450,67.5262890625,10.55,10.8,0.0,240
1451,66.83090789108086,10.3,0.25,0.0,273
1452,68.3834765625,10.3,2.3,0.0,269
1453,69.58677517361112,10.05,15.05,0.0,305
1454,69.84655025701583,11.100000000000001,2.1,0.0,308
1455,69.64557291666667,11.5,1.2666666666666666,0.0,314
1456,76.3474923589886,13.233333333333334,3.4333333333333336,0.0,303
1457,70.06052083333333,16.5,1.8,0.0,382
1458,67.38493331480967,19.8,2.25,0.0,421
1459,64.43510416666666,17.5,8.4,0.0,472
1460,62.64182291666667,20.1,1.0,0.0,470
1461,62.49315782161712,18.5,2.0,0.0,469
1462,61.70168836805556,16.95,3.65,0.0,544
1463,61.86699864545707,17.5,1.0,0.0,649
1464,60.87016059027778,14.9,0.85,0.0,691
1465,60.95760541122534,14.4,3.5,0.0,722
1466,59.60251736111111,13.9,0.0,0.0,572
1467,58.738212871631006,12.9,0.0,0.0,323
1468,58.8102734375,15.66,0.16,0.0,122
1469,59.02712239583333,6.95,27.45,0.0,30
1470,58.659236940816896,16.5,0.0,0.0,31
1471,62.48881510416667,16.25,0.4,0.0,57
1472,64.21127396499027,16.0,0.0,0.0,127
1473,64.61503472222222,14.9,0.0,1.0,216
1474,64.63371335787718,13.350000000000001,0.0,0.0,243
1475,63.605594618055555,14.4,0.0,0.0,325
1476,64.87795220894694,11.8,0.0,0.0,436
1477,64.87035590277777,12.850000000000001,12.55,0.0,445
1478,65.00561631944444,14.9,0.0,0.0,426
1479,64.70941146846346,12.9,0.0,0.0,490
1480,64.40433159722222,14.15,0.0,0.0,509
1481,63.58961256599056,14.4,0.0,0.0,553
1482,62.33119357638889,14.4,0.0,0.0,651
1483,62.173594227563214,13.9,0.0,0.0,756
1484,61.79202256944444,10.8,0.0,0.0,635
1485,61.52857204861111,11.3,0.0,0.0,736
1486,60.74142991108641,11.55,0.0,0.0,788
1487,60.71232638888889,10.3,0.0,0.0,871
1488,60.20060259794387,11.3,0.0,0.0,850
1489,59.289600694444445,11.850000000000001,0.0,0.0,971
1490,59.3891358710753,9.8,0.0,0.0,933
1491,59.50527777777778,8.2,0.0,0.0,553
1492,57.493657092247844,9.25,0.0,0.0,209
1493,56.3096875,4.65,0.0,0.0,62
1494,59.72641927083333,6.7,0.0,0.0,33
1495,59.294869234509584,6.95,0.0,0.0,45
1496,60.12483940972222,10.3,0.0,0.0,89
1497,62.82575020839122,8.8,0.0,0.0,153
1498,62.723203125,9.55,0.0,0.0,204
1499,63.481023374548485,10.8,0.0,0.0,265
1500,64.06239583333333,8.8,0.0,0.0,374
1501,64.02283420138889,9.55,0.0,0.0,402
1502,63.635879758266185,10.8,0.0,0.0,444
1503,63.585972222222225,9.8,0.0,0.0,404
1504,63.12592473603779,9.55,0.0,0.0,376
1505,63.07278211805556,10.3,0.0,0.0,427
1506,61.27973048068908,8.8,0.0,0.0,474
1507,60.53175347222222,9.8,0.0,0.0,379
1508,59.16472023478744,8.2,0.0,0.0,321
1509,59.65174045138889,8.8,0.0,0.0,341
1510,59.14101996527778,9.8,0.0,0.0,299
1511,58.297908273131426,11.8,0.0,0.0,222
1512,57.54480034722222,9.3,0.0,0.0,231
1513,55.97035634898583,9.3,0.0,0.0,110
1514,55.76736545138889,9.3,0.0,0.0,51
1515,55.55096467768825,10.3,0.0,0.0,37
1516,57.20815104166667,11.05,0.0,0.0,28
1517,59.68799492914699,4.9,0.0,0.0,35
1518,62.1365625,9.3,0.0,0.0,75
1519,64.26703559027777,8.5,0.0,0.0,146
1520,63.16450316060017,7.699999999999999,0.0,0.0,225
1521,65.28321180555555,8.8,0.0,0.0,248
1522,63.8955308766324,9.05,0.0,0.0,222
1523,63.90183159722222,9.3,0.0,0.0,200
1524,63.47116386496249,9.8,0.0,0.0,243
1525,64.39569010416666,10.05,0.0,0.0,217
1526,63.918919270833335,9.8,0.0,0.0,212
1527,62.91420793970548,10.3,0.0,0.0,260
1528,62.698528645833335,10.05,0.0,0.0,239
1529,63.73040254237288,7.7,0.0,0.0,330
1530,63.442478298611114,10.8,0.0,0.0,434
1531,61.75559183106419,10.05,0.0,0.0,391
1532,61.94576388888889,10.8,0.0,0.0,385
1533,60.53841344818005,8.8,0.0,1.0,456
1534,59.46484375,9.05,0.0,0.0,362
1535,59.130460069444446,8.8,0.0,0.0,254
1536,58.591362183939985,8.2,0.0,1.0,169
1537,57.77923611111111,8.2,0.0,0.0,109
1538,56.454193005001386,8.8,0.0,0.0,69
1539,56.97185763888889,6.2,0.0,0.0,54
1540,55.95080230619617,5.65,0.0,0.0,31
1541,56.98939670138889,2.05,0.0,0.0,40
1542,64.38695210475132,4.1,0.0,0.0,64
1543,63.524822048611114,4.1,0.0,0.0,140
1544,63.728815104166664,3.1,0.0,0.0,263
1545,65.89943821200333,3.1,0.0,0.0,237
1546,65.40543402777777,3.5999999999999996,0.0,0.0,220
1547,62.447745901639344,4.1,0.0,0.0,209
1548,64.47579861111112,3.1,0.0,0.0,225
1549,64.34868192553488,3.1,0.0,0.0,265
1550,64.87793836805555,2.6,0.0,0.0,286
1551,63.82986979166667,2.6,0.0,0.0,286
1552,63.36394224090025,2.85,0.0,0.0,292
1553,63.7419140625,4.1,0.0,0.0,345
1554,64.24999131703251,5.1,0.0,0.0,409
1555,62.78947482638889,5.1,0.0,0.0,492
1556,61.23941112114476,5.1,0.0,0.0,476
1557,61.077777777777776,6.2,0.0,0.0,538
1558,59.58063437760489,6.45,0.0,0.0,501
1559,59.07395833333333,5.1,0.0,0.0,379
1560,58.57019097222222,5.1,0.0,0.0,180
1561,58.15041070436232,5.1,0.0,0.0,140
1562,58.627039930555554,6.7,0.0,0.0,82
1563,58.17471433036955,5.1,0.0,0.0,44
1564,58.94808159722222,5.833333333333333,0.0,0.0,43
1565,64.50353396776883,4.466666666666667,0.0,0.0,37
1566,63.250347222222224,5.4,0.0,0.0,69
1567,68.35834635416667,5.65,0.0,0.0,105
1568,69.49621856765768,4.6,0.9,0.0,172
1569,64.60007378472223,3.4333333333333336,1.0666666666666667,0.0,252
1570,65.70770526535149,4.6,1.1666666666666667,0.0,215
1571,63.923268229166666,5.7,0.3,0.0,206
1572,66.40526014170602,6.7,0.0,0.0,226
1573,67.6702734375,7.85,1.125,0.0,251
1574,67.18122655598778,7.7,0.0,0.0,225
1575,68.32506076388889,7.949999999999999,0.6,0.0,228
1576,67.9541189236111,8.5,0.9,0.0,183
1577,64.57606713670464,6.675000000000001,0.625,0.0,233
1578,65.41998697916667,8.2,2.8,0.0,237
1579,65.18951878994164,10.8,2.25,0.0,261
1580,66.4964626736111,10.8,2.35,0.0,258
1581,62.23620276465685,9.8,2.0,0.0,220
1582,61.28145833333333,11.725,3.125,0.0,219
1583,59.91381720616838,12.0,2.1,0.0,184
1584,57.637005208333335,10.8,0.35,1.0,131
1585,57.338459201388886,12.875,3.875,0.0,90
1586,56.478600826618504,8.8,1.3,0.0,41
1587,56.134548611111114,8.25,0.5,0.0,15
1588,58.39266115587663,8.233333333333333,1.3333333333333333,0.0,21
1589,59.073515625,5.9,6.475,0.0,35
1590,60.52460752986941,6.2,0.0,0.0,71
1591,64.905859375,6.95,2.0,0.0,139
1592,64.94668402777778,5.1,0.0,0.0,261
1593,64.63859647555047,5.7,0.0,0.0,251
1594,66.44228865657126,6.7,0.0,0.0,247
1595,63.879878472222224,5.7,0.0,0.0,197
1596,65.44003542650736,5.7,0.0,0.0,261
1597,65.11260850694444,6.2,0.0,0.0,258
1598,63.85080056960267,6.7,0.0,0.0,286
1599,64.09461805555556,6.2,0.0,0.0,321
1600,66.47041278827452,6.45,0.0,0.0,281
1601,68.40360243055555,6.2,0.0,0.0,388
1602,65.49430397332593,7.2,0.0,0.0,511
1603,61.28415798611111,6.7,0.0,0.0,565
1604,61.982699652777775,8.2,0.0,0.0,547
1605,61.38678278688525,8.2,0.0,0.0,630
1606,59.946302083333336,7.699999999999999,0.0,0.0,647
1607,59.234188316198946,8.8,0.0,0.0,598
1608,59.23217881944444,7.2,0.0,0.0,527
1609,58.725878716310085,6.95,0.0,0.0,343
1610,56.35406684027778,8.8,0.0,0.0,203
1611,55.59997134620728,6.7,0.0,0.0,120
1612,56.07028211805556,6.7,0.0,0.0,73
1613,59.7198570783551,2.55,0.0,0.0,50
1614,58.69134982638889,5.7,0.0,0.0,93
1615,63.21723916365657,5.15,0.0,0.0,154
1616,63.40234375,7.7,0.0,0.0,250
1617,65.566953125,8.8,0.0,0.0,246
1618,63.0036555293137,8.5,0.0,0.0,276
1619,65.28244791666667,7.7,0.0,0.0,266
1620,64.77240639761045,8.2,0.0,0.0,258
1621,64.64608506944444,9.0,0.0,0.0,324
1622,64.2542199222006,8.2,0.0,0.0,312
1623,64.13065972222222,7.7,0.0,0.0,305
1624,64.06237843845513,7.45,0.0,0.0,275
1625,64.42268229166666,8.8,0.0,0.0,398
1626,62.35908412058905,10.3,0.0,0.0,497
1627,63.07844618055555,9.8,0.0,0.0,622
1628,61.27082175604335,7.7,0.0,0.0,677
1629,60.443211805555556,9.3,0.0,0.0,704
1630,61.251805555555556,9.8,0.0,0.0,811
1631,59.39445418866352,9.3,0.0,0.0,795
1632,59.34461045608585,10.3,0.0,0.0,920
1633,59.51333721346705,9.8,0.0,0.0,901
1634,60.15199829931973,8.2,0.0,0.0,787
1635,58.72669057377049,9.3,0.0,0.0,448
1636,56.08837239583333,8.75,0.0,0.0,187
1637,55.927857564601275,3.6,0.0,0.0,60
1638,60.9026171875,8.2,0.0,0.0,51
1639,70.25926906779661,8.2,0.0,0.0,75
1640,66.98807291666667,6.7,0.0,0.0,191
1641,60.58936510141706,5.7,0.0,0.0,189
1642,63.15991319444444,6.2,0.0,0.0,297
1643,63.218897569444444,8.2,0.0,0.0,370
1644,63.73455734231731,6.2,0.0,0.0,455
1645,64.70599826388889,6.7,0.0,0.0,536
1646,64.90915879410947,8.2,0.0,0.0,495
1647,64.42100260416667,7.2,0.0,0.0,560
1648,63.60080056960267,6.95,0.0,0.0,562
1649,62.484774305555554,7.2,0.0,0.0,543
1650,60.853318630175046,9.3,0.0,0.0,646
1651,63.79893229166667,8.5,0.0,0.0,751
1652,60.359956758821895,7.2,0.0,1.0,730
1653,60.34370659722222,8.2,0.0,0.0,721
1654,61.39154079861111,7.699999999999999,0.0,0.0,743
1655,60.11563976104473,5.7,0.0,0.0,840
1656,59.58604166666667,7.2,0.0,0.0,954
1657,59.60707401361489,7.699999999999999,0.0,1.0,1049
1658,0.0,9.3,0.0,0.0,0
1659,59.54068445719082,5.7,0.0,0.0,891
1660,58.44577920950264,5.95,0.0,0.0,472
1661,57.40228732638889,3.85,0.0,0.0,123
1662,56.123020833333335,4.6,0.0,0.0,50
1663,57.20518286329536,5.9,0.0,0.0,48
1664,57.754878472222224,6.7,0.0,0.0,87
1665,61.44847527090859,5.1,0.0,0.0,143
1666,64.21356336805556,4.85,0.0,0.0,233
1667,62.27927028341206,5.1,0.0,0.0,294
1668,65.46227430555555,7.7,0.0,0.0,362
1669,66.00019536676855,8.25,0.0,0.0,352
1670,66.06216145833334,8.2,0.0,0.0,454
1671,64.61402907057516,5.1,0.0,0.0,417
1672,65.4358029513889,5.65,0.0,0.0,386
1673,64.76129219922201,5.1,0.0,0.0,454
1674,61.95993055555556,4.1,0.0,0.0,492
1675,61.23894965277778,4.9,0.0,0.0,435
1676,58.887868157821615,4.6,0.0,0.0,326
1677,59.392421875,5.1,0.0,0.0,354
1678,58.88914889552653,5.1,0.0,0.0,317
1679,58.359752604166665,5.1,0.0,0.0,206
1680,58.414147158933034,3.6,0.0,0.0,123
1681,56.70973958333333,3.35,0.0,0.0,120
1682,55.956971830985914,0.0,0.0,0.0,49
1683,55.24588541666667,5.1,0.0,0.0,38
1684,55.8638033134204,4.85,0.0,0.0,26
1685,56.30556423611111,2.05,0.0,0.0,48
1686,59.55466579861111,3.6,0.0,0.0,78
1687,62.613890143095304,3.8499999999999996,0.0,0.0,117
1688,63.07052083333333,3.6,0.0,0.0,209
1689,65.22502344401222,4.1,0.0,0.0,195
1690,65.22411892361112,3.8499999999999996,0.0,0.0,231
1691,64.38500277854959,3.6,0.0,0.0,211
1692,66.53817274305555,4.1,0.0,0.0,188
1693,65.53334693664907,5.4,0.0,0.0,206
1694,62.978350694444444,6.2,0.0,0.0,247
1695,62.988386530980826,4.6,0.0,0.0,263
1696,62.12385416666667,4.85,0.0,0.0,238
1697,63.3644921875,4.6,0.0,0.0,303
1698,64.54901969297028,6.7,0.0,0.0,411
1699,63.54150173611111,7.2,0.0,0.0,436
1700,60.18845512642401,8.2,0.0,0.0,395
1701,60.13096788194444,5.7,0.0,0.0,459
1702,60.6959572103362,7.5,0.0,0.0,405
1703,60.83641059027778,8.2,0.0,0.0,311
1704,59.255387781328146,8.2,0.0,0.0,172
1705,58.794995659722225,8.75,0.0,0.0,110
1706,59.04474911971831,8.4,0.0,0.0,67
1707,60.23965858571825,5.95,0.25,0.0,43
1708,57.6159765625,6.45,0.3,0.0,24
1709,59.12611576132259,4.3,0.43333333333333335,0.0,36
1710,62.43792100694444,7.2,0.0,0.0,71
1711,62.86386284722222,8.25,0.55,0.0,131
1712,64.36535756460128,9.55,0.35,0.0,224
1713,64.8497048611111,9.3,0.3,0.0,212
1714,64.1186136774104,9.8,0.65,0.0,213
1715,64.26856336805555,8.5,0.35,0.0,201
1716,62.670073284245625,8.2,0.75,0.0,199
1717,62.86183159722222,7.949999999999999,2.0,0.0,195
1718,61.51814740205613,9.8,0.5,1.0,243
1719,64.12976128472222,9.633333333333335,0.26666666666666666,0.0,248
1720,62.96367046401778,9.175,0.675,0.0,250
1721,62.06174479166667,8.2,0.0,0.0,292
1722,63.65361545138889,8.5,0.15,0.0,414
1723,60.52062204779105,9.1,1.0999999999999999,0.0,483
1724,59.513658854166664,10.3,0.0,0.0,519
1725,59.17393720477911,11.3,0.0,0.0,515
1726,58.092799479166665,10.8,0.15,0.0,501
1727,58.536142852181165,9.8,0.0,0.0,421
1728,58.00835503472222,11.3,0.0,0.0,221
1729,56.11278740622395,9.75,0.15,0.0,165
1730,56.15247025485779,9.8,0.0,0.0,109
1731,55.557269965277776,5.7,0.0,0.0,50
1732,55.086597222222224,5.7,0.0,0.0,43
1733,59.25044717282579,4.65,2.65,0.0,35
1734,58.116627604166666,8.8,0.0,0.0,75
1735,61.82766480272298,8.5,0.0,0.0,133
1736,62.66578125,8.8,0.0,0.0,251
1737,63.06565191719922,10.3,0.0,0.0,275
1738,63.13065538194444,10.05,0.0,0.0,235
1739,62.07838983050848,9.3,0.0,0.0,193
1740,63.043680555555554,9.3,0.0,0.0,248
1741,62.731765768268964,9.55,1.4,0.0,225
1742,62.933598090277776,8.8,0.0,0.0,288
1743,61.86553556543484,9.8,0.0,0.0,249
1744,63.097569444444446,9.3,0.0,0.0,271
1745,62.45938107807724,9.3,0.0,1.0,334
1746,62.290941840277775,9.3,0.0,0.0,462
1747,62.31575954861111,9.8,0.0,0.0,556
1748,60.156493123089746,8.8,0.0,0.0,494
1749,59.45332465277778,11.8,0.0,0.0,559
1750,59.02807637538205,11.05,0.0,0.0,551
1751,58.25283854166667,11.3,0.0,0.0,458
1752,56.98299006668519,12.4,0.0,0.0,276
1753,56.5841796875,11.350000000000001,0.0,0.0,154
1754,56.049150273032765,12.4,0.0,0.0,94
1755,55.30496035903884,12.4,0.0,0.0,55
1756,55.94222353431509,11.600000000000001,0.0,0.0,49
1757,58.45894097222222,5.4,0.0,0.0,39
1758,57.65932811197555,9.8,0.0,0.0,88
1759,62.43879774305555,10.55,0.0,0.0,144
1760,63.39695054181717,8.8,0.0,0.0,255
1761,67.184609375,6.7,0.0,0.0,265
1762,62.326093185607114,6.45,0.0,0.0,207
1763,63.61539496527778,7.7,0.0,0.0,230
1764,62.692348090277775,7.2,0.0,0.0,229
1765,64.5702017921645,8.25,0.0,0.0,273
1766,63.39240451388889,10.3,0.0,0.0,248
1767,64.91169856210058,10.8,0.0,0.0,277
1768,63.24607638888889,10.55,0.0,0.0,255
1769,63.57396151708808,9.3,0.0,0.0,386
1770,63.67403645833333,10.8,0.0,0.0,562
1771,62.26081897749375,10.05,0.0,0.0,608
1772,60.59615451388889,11.3,0.0,0.0,624
1773,59.46463427340928,10.8,0.0,0.0,592
1774,59.66342013888889,10.55,0.0,0.0,633
1775,59.17065538194444,8.8,0.0,0.0,644
1776,58.977858432898024,5.1,0.0,0.0,508
1777,57.52358940972222,6.4,0.0,0.0,362
1778,56.15276066600958,7.2,0.0,0.0,204
1779,56.37641098221728,7.2,0.0,0.0,129
1780,57.45572482638889,7.45,0.0,0.0,61
1781,56.72266601833843,3.35,0.0,0.0,42
1782,57.126727430555555,5.7,0.0,0.0,69
1783,61.27634548611111,5.7,0.0,0.0,133
1784,64.12852528480133,5.1,0.0,0.0,236
1785,65.503828125,6.7,0.0,1.0,237
1786,65.0039985065296,5.9,0.0,0.0,246
1787,64.37592013888889,5.7,0.0,1.0,253
1788,65.49242845234788,8.2,0.0,0.0,263
1789,64.44618923611111,8.5,0.0,0.0,310
1790,62.7851443109197,11.3,0.0,0.0,294
1791,65.43210069444444,10.3,0.0,0.0,292
1792,63.036199291469856,9.8,0.0,0.0,291
1793,62.88944444444444,7.2,0.0,0.0,396
1794,62.409917534722226,11.8,0.0,0.0,604
1795,60.68699638788552,12.350000000000001,0.0,0.0,662
1796,59.83171875,11.8,0.0,0.0,648
1797,59.543432203389834,13.4,0.0,0.0,663
1798,59.4386328125,12.9,0.0,0.0,695
1799,60.830486767157545,12.9,0.0,0.0,684
1800,59.92684895833333,9.3,0.0,0.0,729
1801,59.96805536260072,10.05,0.0,0.0,722
1802,59.227915551957196,9.8,0.0,0.0,558
1803,56.65416232638889,7.7,0.0,0.0,360
1804,57.456064184495695,8.75,0.0,0.0,155
1805,57.30370225694445,4.65,0.0,1.0,42
1806,56.322391493055555,7.2,0.0,0.0,25
1807,58.97502778549597,8.0,0.0,0.0,56
1808,60.48926649305555,7.2,0.0,0.0,110
1809,64.62228223117533,5.7,0.0,0.0,207
1810,64.45667534722222,6.2,0.0,0.0,244
1811,61.74511148930259,5.1,0.0,0.0,300
1812,63.093463541666665,7.2,0.0,0.0,382
1813,62.35403063350931,8.0,0.0,0.0,430
1814,64.92169270833334,7.7,0.0,0.0,415
1815,64.78498367602111,6.2,0.0,0.0,463
1816,64.22600260416667,6.95,0.0,0.0,531
1817,63.51361545138889,9.3,0.0,0.0,557
1818,63.198735759933314,9.3,0.0,0.0,700
1819,62.59825954861111,9.8,0.0,0.0,734
1820,60.72300465407058,10.3,0.0,0.0,708
1821,60.73631944444445,10.8,0.0,0.0,713
1822,59.53401118366213,8.75,0.0,0.0,731
1823,60.14643663194445,6.7,0.0,0.0,699
1824,59.69697311753265,6.7,0.0,1.0,754
1825,59.09642361111111,7.2,0.0,1.0,831
1826,59.92560614603891,8.8,0.0,0.0,683
1827,58.06159262989719,7.2,0.0,0.0,417
1828,55.990329861111114,5.4,0.0,0.0,216
1829,54.91532804251181,1.05,0.0,0.0,49
1830,56.92497395833333,0.0,0.0,0.0,51
1831,58.048338080022226,0.0,0.0,0.0,49
1832,57.34973090277778,2.6,0.0,0.0,84
1833,60.5103848291192,2.6,0.0,0.0,104
1834,59.62729600694445,3.5999999999999996,0.0,0.0,201
1835,62.628606770833336,5.7,0.0,0.0,266
1836,64.12739649902751,8.8,0.0,0.0,333
1837,62.436953125,10.05,0.0,0.0,375
1838,62.63179442206168,8.2,0.0,0.0,331
1839,63.57570746527778,7.2,0.0,0.0,357
1840,64.68815122256183,8.0,0.0,0.0,374
1841,63.18378472222222,8.8,0.0,0.0,356
1842,61.35670932898027,9.8,0.0,1.0,405
1843,60.0841015625,9.55,0.0,0.0,380
1844,59.01755261878299,9.3,0.0,0.0,352
1845,61.49825086805556,8.2,0.0,0.0,356
1846,58.28550899555432,7.949999999999999,0.0,0.0,278
1847,57.87722222222222,5.7,0.0,0.0,202
1848,57.50676649305556,4.6,0.0,0.0,134
1849,56.39580873159211,4.6,0.0,0.0,97
1850,55.395513587721766,1.5,0.0,0.0,71
1851,55.500555709919425,4.6,0.0,0.0,34
1852,56.18374565972222,4.1,0.0,0.0,36
1853,56.12054997916088,1.8,0.0,0.0,40
1854,58.6271875,0.0,0.0,0.0,68
1855,61.42312100583496,0.0,0.0,0.0,121
1856,61.65190972222222,1.5,0.0,0.0,179
1857,62.35582465277778,3.6,0.0,0.0,233
1858,62.696821165601555,3.6,0.0,0.0,186
1859,63.72368489583334,4.6,0.0,0.0,215
1860,63.8503837871631,4.6,0.0,0.0,222
1861,64.87013888888889,4.85,0.0,0.0,249
1862,63.75366855376493,5.1,0.0,0.0,206
1863,62.61495225694444,3.1,0.0,0.0,252
1864,62.32695279938872,2.85,0.0,0.0,239
1865,61.732860243055555,4.6,0.0,0.0,316
1866,63.90512555570992,4.1,0.0,0.0,377
1867,61.83045138888889,2.8,0.0,0.0,433
1868,59.536358506944445,3.6,0.0,0.0,371
1869,60.12927202000556,3.6,0.0,0.0,411
1870,58.64331163194444,2.85,0.0,0.0,383
1871,58.304646255904416,3.1,0.0,0.0,275
1872,57.23895399305555,3.6,0.0,1.0,153
1873,55.521967907752156,3.35,0.0,0.0,107
1874,54.71045568149817,2.6,0.0,0.0,67
1875,54.96476128472222,4.6,0.0,0.0,61
1876,55.22203559027778,3.8499999999999996,0.0,0.0,28
1877,57.846146499027505,0.75,0.0,0.0,38
1878,64.82471354166667,2.1,0.0,0.0,82
1879,61.869503681578216,2.85,0.0,0.0,197
1880,62.75485243055556,3.1,0.0,0.0,276
1881,64.91878820505696,5.1,0.0,1.0,308
1882,63.45092013888889,4.85,0.0,0.0,242
1883,64.76985794665185,3.1,0.0,0.0,234
1884,63.16971354166667,4.1,0.0,0.0,260
1885,63.52528211805556,4.6,0.0,0.0,251
1886,63.87458755904418,6.7,0.0,0.0,286
1887,61.869214409722225,6.2,0.0,0.0,260
1888,65.36775840511253,5.95,0.0,0.0,265
1889,62.89069444444444,5.1,0.0,0.0,329
1890,64.40777386079466,5.7,0.0,0.0,439
1891,62.971957465277775,6.2,0.0,0.0,469
1892,61.369703389830505,6.7,0.0,0.0,506
1893,61.18455295138889,7.45,0.0,0.0,531
1894,60.7541330925257,5.65,0.15,0.0,506
1895,59.91084201388889,5.1,0.5,0.0,345
1896,58.92878038194444,6.2,0.1,0.0,222
1897,58.23968102603583,5.4,0.4,0.0,162
1898,58.52529179480011,5.7,0.0,0.0,101
1899,58.23165798611111,6.7,0.0,0.0,67
1900,58.042368539872186,6.7,0.0,0.0,37
1901,57.77130642361111,3.35,0.4,0.0,42
1902,59.7623124479022,9.3,0.0,0.0,59
1903,61.937313368055555,8.75,0.0,0.0,71
1904,64.295919873576,9.3,0.0,0.0,107
1905,66.83655815972222,9.3,0.0,0.0,124
1906,69.85016237149208,9.8,0.0,0.0,94
1907,70.15898871527777,10.3,0.0,0.0,114
1908,64.60288014031676,10.3,0.3,0.0,130
1909,63.71855902777778,8.35,0.525,0.0,122
1910,62.97091145833333,9.633333333333335,1.4000000000000001,0.0,138
1911,63.05933505834954,9.8,0.5,0.0,119
1912,64.9644921875,8.9,1.5,0.0,145
1913,64.47603935120867,9.55,1.0,0.0,151
1914,64.58012152777778,8.2,0.8,0.0,221
1915,64.98536919977772,9.125,1.925,0.0,271
1916,63.88329861111111,8.5,0.6,0.0,283
1917,61.146334051125315,6.95,0.85,0.0,250
1918,61.513706597222225,6.366666666666667,1.0666666666666667,0.0,294
1919,62.400203993055555,8.2,0.8,0.0,229
1920,60.431847388163376,7.45,1.25,0.0,160
1921,59.00810763888889,7.575,1.625,0.0,86
1922,59.32374366554054,7.45,1.15,0.0,40
1923,55.494712072798,5.7,2.0,0.0,23
1924,54.47969618055556,5.7,4.05,0.0,35
1925,56.43316285773826,3.35,11.95,0.0,34
1926,58.3149609375,8.033333333333333,0.5,0.0,65
1927,62.781163194444446,8.4,3.6666666666666665,0.0,114
1928,65.25021707418728,9.3,0.0,0.0,194
1929,63.91823784722222,9.55,0.0,0.0,230
1930,62.985937934148374,9.266666666666667,0.0,0.0,207
1931,61.811297743055555,6.2,0.0,0.0,213
1932,62.64756703250903,6.7,0.0,0.0,243
1933,63.07208767361111,5.65,0.0,0.0,253
1934,61.84239111558767,5.7,0.0,0.0,244
1935,62.40736979166667,7.7,0.0,0.0,230
1936,62.52735134759656,7.45,0.0,0.0,277
1937,61.586323784722225,7.7,0.0,0.0,367
1938,63.753841145833334,8.2,0.0,0.0,484
1939,62.885271950541814,7.949999999999999,0.0,0.0,481
1940,61.00113715277778,9.3,0.0,0.0,512
1941,60.544248402333984,9.3,0.0,0.0,591
1942,61.513506944444444,9.05,0.0,0.0,627
1943,60.0612496526813,8.2,0.0,0.0,579
1944,58.96400607638889,7.2,0.0,0.0,499
1945,62.15737878577383,7.45,0.0,0.0,342
1946,56.34024306533371,7.7,0.0,1.0,183
1947,56.66047743055555,9.3,0.0,0.0,103
1948,57.477254966657405,8.5,0.0,0.0,78
1949,58.55395399305556,3.35,0.4,0.0,52
1950,58.46577690972222,6.7,0.0,0.0,83
1951,64.81592977215894,5.9,0.0,0.0,143
1952,65.32534288194445,4.6,0.0,0.0,244
1953,65.05168102250626,5.1,0.0,0.0,261
1954,64.3769140625,4.35,0.0,0.0,227
1955,63.75303903862184,4.1,0.0,0.0,233
1956,65.39266493055555,4.6,0.0,0.0,267
1957,65.42111524034453,4.85,0.0,0.0,274
1958,63.77008246527778,4.6,0.0,0.0,248
1959,64.70575593914977,4.6,0.0,0.0,314
1960,64.07904947916667,4.6,0.0,0.0,286
1961,64.391341344818,5.1,0.0,0.0,399
1962,63.59808159722222,3.1,0.0,0.0,500
1963,64.16484375,4.9,0.0,0.0,619
1964,62.023166157265905,2.6,0.0,0.0,655
1965,60.81302517361111,5.1,0.0,0.0,640
1966,60.913799840233395,5.65,0.0,0.0,738
1967,61.335078125,6.2,0.0,0.0,868
1968,59.58293102250625,7.45,0.0,0.0,901
1969,58.84424045138889,7.7,0.0,0.0,954
1970,59.404397007042256,5.1,0.0,0.0,691
1971,57.957730034722225,7.7,0.0,0.0,408
1972,57.704284176160044,5.9,0.0,0.0,216
1973,57.1000390625,3.35,0.0,0.0,53
1974,57.40833825368158,8.8,0.0,0.0,50
1975,60.60983506944444,7.5,0.0,0.0,79
1976,62.16148582939705,6.7,0.0,0.0,151
1977,63.41940972222222,5.7,0.0,0.0,187
1978,64.35752552792442,6.45,0.0,0.0,246
1979,64.3170703125,6.7,0.0,1.0,310
1980,64.24026205195888,5.7,0.0,0.0,392
1981,65.00634982638888,5.4,0.0,0.0,407
1982,64.58282248541262,6.2,0.0,0.0,392
1983,66.84440104166667,6.2,0.0,0.0,446
1984,66.13488121700472,6.7,0.0,0.0,461
1985,65.5773828125,5.1,0.0,0.0,494
1986,66.05030911364268,4.6,0.0,0.0,618
1987,63.2357208599611,4.6,0.0,0.0,695
1988,60.9926171875,3.6,0.0,0.0,679
1989,61.15123558627396,5.1,0.0,0.0,678
1990,60.65756076388889,4.6,0.0,0.0,735
1991,62.61847222222222,4.6,0.0,0.0,843
1992,60.23141410808558,5.1,0.0,0.0,950
1993,60.736857638888885,5.4,0.0,0.0,1024
1994,59.7046118384009,7.2,0.0,0.0,949
1995,58.33549683939983,5.1,0.0,0.0,514
1996,56.30805121527778,6.4,0.0,0.0,262
1997,55.41999131944444,2.55,0.0,0.0,71
1998,58.044304841622676,5.1,0.0,0.0,26
1999,58.45379340277778,5.65,0.0,0.0,31
2000,60.18935381355932,6.2,0.0,0.0,77
2001,62.495112847222224,5.7,0.0,0.0,151
2002,64.5957166921367,5.4,0.0,0.0,229
2003,63.560846354166664,5.7,0.0,0.0,263
2004,62.31247395109753,6.7,0.0,0.0,332
2005,63.80607638888889,7.400000000000001,0.0,0.0,384
2006,64.24125625173659,8.8,0.0,0.0,371
2007,64.24950086805555,8.8,0.0,0.0,356
2008,62.59223482217283,8.25,0.0,0.0,385
2009,62.67572916666666,7.7,0.0,0.0,369
2010,63.410633680555556,8.2,0.0,0.0,424
2011,61.29140907196444,7.699999999999999,0.0,0.0,361
2012,61.19554253472222,7.2,0.0,0.0,354
2013,59.67623819116421,5.1,0.0,0.0,382
2014,60.05489583333333,4.85,0.0,0.0,276
2015,59.50205786329536,3.6,0.0,0.0,227
2016,59.10353298611111,5.1,0.0,0.0,166
2017,58.10080925257016,4.35,0.0,0.0,108
2018,57.25968415304397,4.6,0.0,0.0,77
2019,57.158107638888886,3.6,0.0,0.0,40
2020,57.21019727702139,3.1,0.0,0.0,33
2021,57.68415798611111,1.3,0.0,0.0,36
2022,60.47228298611111,2.6,0.0,0.0,91
2023,66.51107512503474,2.6,0.0,0.0,147
2024,64.00434027777777,3.1,0.0,0.0,172
2025,63.55195453598222,2.6,0.0,0.0,201
2026,66.88703993055556,2.85,0.0,0.0,217
2027,64.21340997499306,3.1,0.0,0.0,207
2028,62.68315972222222,4.1,0.0,0.0,238
2029,64.12849489441511,5.15,0.0,0.0,249
2030,64.06053385416666,8.2,0.0,0.0,258
2031,63.10512468741317,7.7,0.0,0.0,265
2032,63.76306423611111,7.2,0.0,0.0,261
2033,64.92168831619894,4.6,0.0,0.0,307
2034,64.43184895833333,6.7,0.0,1.0,451
2035,64.52643963601,5.65,0.0,0.0,468
2036,61.47796440972222,5.7,0.0,0.0,453
2037,61.548346762989716,5.1,0.0,0.0,515
2038,62.38447482638889,4.85,0.0,0.0,467
2039,59.7499522436788,3.6,0.0,0.0,301
2040,58.40963541666667,3.1,0.0,0.0,145
2041,57.03429253472222,2.85,0.0,0.0,137
2042,56.648626653997745,1.5,0.0,0.0,73
2043,56.72759114583334,2.1,0.0,0.0,40
2044,56.77228483606557,2.1,0.0,0.0,31
2045,58.1978515625,0.0,0.0,1.0,38
2046,60.23877726451792,2.6,0.0,0.0,84
2047,63.67095052083334,2.05,0.0,0.0,140
2048,64.22823350694445,2.6,0.0,0.0,192
2049,67.12486541400389,2.1,0.0,0.0,244
2050,65.486015625,2.35,0.0,0.0,239
2051,72.30148131425396,3.1,0.0,0.0,209
2052,65.52553819444445,2.6,0.0,0.0,272
2053,64.85148218255071,4.15,0.0,0.0,285
2054,64.79822482638889,4.1,0.0,0.0,271
2055,63.429772158933034,0.0,0.0,0.0,272
2056,64.44083767361111,1.3,0.0,0.0,305
2057,64.14398096693526,2.6,0.0,0.0,326
2058,63.73552517361111,3.6,0.0,0.0,525
2059,62.84391059027778,3.8499999999999996,0.0,0.0,539
2060,60.8288500277855,3.1,0.0,0.0,516
2061,60.50895648096694,2.1,0.0,0.0,574
2062,59.15769097222222,2.6,0.0,0.0,511
2063,59.935512152777775,2.6,0.0,0.0,454
2064,59.78526587246457,2.6,0.0,0.0,243
2065,57.28164496527778,2.85,0.0,0.0,138
2066,57.38694205857505,2.6,0.0,0.0,106
2067,57.31184877743818,2.6,0.0,0.0,51
2068,58.27691840277778,2.85,0.0,0.0,27
2069,58.47695540427897,1.3,0.0,0.0,41
2070,60.553372395833335,0.0,0.0,1.0,66
2071,64.57349697832731,2.05,0.0,0.0,149
2072,63.79127170138889,3.1,0.0,0.0,196
2073,66.33024739583334,4.35,0.0,0.0,260
2074,66.08832314531814,3.266666666666666,0.3333333333333333,0.0,249
2075,64.11707899305556,3.6,0.0,0.0,196
2076,63.318621492081135,4.6,0.0,0.0,268
2077,64.09745225694445,4.933333333333333,0.26666666666666666,0.0,261
2078,66.3046636218394,5.1,0.0,0.0,233
2079,64.9283767361111,3.6,0.0,0.0,299
2080,65.38487687552097,3.6,0.0,0.0,268
2081,63.42184461805556,4.35,0.0,0.0,361
2082,64.02192883439844,4.6,0.0,0.0,415
2083,64.95950954861111,5.4,0.0,0.0,511
2084,62.01945853014726,4.6,0.0,0.0,514
2085,62.9141796875,4.1,0.0,0.0,556
2086,67.22919126840789,3.8499999999999996,0.0,1.0,583
2087,62.13357638888889,2.6,0.0,0.0,470
2088,59.82342317310364,2.1,0.0,0.0,358
2089,58.72240451388889,2.35,0.0,0.0,171
2090,58.79818625035201,2.6,0.0,0.0,115
2091,57.70251719227563,2.1,0.0,0.0,71
2092,61.75117621527778,1.05,0.0,0.0,46
2093,62.893628472222225,0.0,0.4,0.0,51
2094,60.797869199777715,1.5,0.0,0.0,58
2095,64.02497221450403,0.75,0.0,0.0,127
2096,65.35566840277778,0.0,0.0,0.0,196
2097,60.75479299805502,0.0,0.0,1.0,231
2098,60.34111545138889,0.75,0.0,0.0,218
2099,61.75783203667685,0.0,0.0,0.0,164
2100,63.76548177083333,0.75,0.0,0.0,203
2101,67.63741664351208,0.0,0.0,0.0,279
2102,64.14692708333334,1.0,0.0,0.0,276
2103,64.71898009863851,3.35,0.4,0.0,317
2104,65.58908854166667,3.4333333333333336,0.2333333333333333,0.0,343
2105,65.49917511808836,2.1,0.0,0.0,347
2106,67.43202690972223,2.85,0.0,0.0,505
2107,64.59281684027778,3.3499999999999996,0.4,0.0,565
2108,62.668037128368994,5.1,0.0,0.0,651
2109,62.780620659722224,3.8499999999999996,0.0,0.0,702
2110,65.2968272436788,3.766666666666666,0.0,0.0,620
2111,61.837565104166664,4.35,0.0,0.0,767
2112,60.81897315226452,4.6,0.0,0.0,610
2113,59.34583767361111,4.266666666666667,0.0,0.0,422
2114,58.33564015365097,5.7,0.0,0.0,292
2115,57.09819878472222,2.6,0.0,0.0,146
2116,56.93227719505418,3.266666666666667,0.0,0.0,71
2117,57.67592447916667,1.05,0.4,0.0,37
2118,59.89856770833333,2.6,0.0,0.0,59
2119,62.20094123367602,2.766666666666667,0.0,0.0,99
2120,64.51251736111111,5.1,0.0,0.0,163
2121,65.33483693387052,5.1,0.0,0.0,236
2122,62.49790364583333,4.85,0.0,0.0,208
2123,63.46417407613226,5.1,0.0,0.0,255
2124,65.35153645833333,3.1,0.0,0.0,312
2125,65.05115570297305,4.1,0.0,0.0,361
2126,66.57338107638888,3.6,0.0,0.0,349
2127,67.30397332592386,3.6,0.0,0.0,374
2128,65.33599826388888,3.4333333333333336,0.0,0.0,418
2129,64.20984995832175,4.6,0.0,0.0,457
2130,64.05131944444445,6.2,0.0,0.0,463
2131,62.479034974993056,6.95,0.0,0.0,468
2132,61.03998263888889,5.7,0.0,0.0,495
2133,61.303936631944445,7.2,1.0,0.0,492
2134,60.346550257015835,7.699999999999999,1.0,0.0,556
2135,61.03630642361111,8.25,0.0,0.0,681
2136,60.371995693248124,8.8,0.3,0.0,677
2137,59.27742621527778,8.8,1.0,0.0,661
2138,59.05273106274731,9.8,0.0,0.0,546
2139,57.93549479166666,8.2,0.0,0.0,377
2140,57.386622151986664,8.75,0.0,0.0,173
2141,58.40353298611111,4.9,1.15,0.0,34
2142,58.60849802028341,7.7,0.0,0.0,32
2143,56.883602430555555,7.45,0.0,0.0,54
2144,60.60836777577105,7.2,0.0,1.0,104
2145,62.92461371527778,4.1,0.0,2.0,125
2146,62.39034714504029,4.1,0.0,0.0,231
2147,63.07993489583333,5.7,0.0,0.0,274
2148,64.52014322916666,6.2,0.0,0.0,330
2149,68.60536781050291,5.4,1.15,0.0,365
2150,66.07147569444444,4.6,0.0,0.0,404
2151,65.8321061405946,2.6,0.0,0.0,458
2152,65.67969184027778,2.35,0.0,0.0,400
2153,64.6534236940817,6.7,0.0,1.0,468
2154,65.33993383578772,6.2,0.0,0.0,547
2155,63.50830295138889,6.45,0.0,0.0,575
2156,60.73984375,9.3,0.0,0.0,571
2157,59.858580508474574,8.8,0.0,0.0,618
2158,60.62950086805556,9.05,0.0,0.0,584
2159,61.105007467352046,9.8,0.0,0.0,643
2160,59.95947916666667,11.3,0.0,0.0,669
2161,59.03277386079466,10.55,0.0,1.0,602
2162,58.29215595204711,10.8,0.0,0.0,484
2163,56.56467447916667,8.8,0.0,0.0,356
2164,55.788799840233395,8.25,0.0,0.0,151
2165,55.30439236111111,3.6,0.0,0.0,46
2166,56.92174909697138,9.3,0.0,0.0,23
2167,58.21277777777778,9.05,0.0,0.0,34
2168,58.81614684634621,7.2,0.0,0.0,82
2169,60.463519965277776,5.7,0.0,0.0,124
2170,62.78549597110308,4.9,0.0,0.0,205
2171,65.23174479166667,4.6,0.0,0.0,215
2172,64.00161069046958,4.6,0.0,0.0,284
2173,65.38579427083333,4.6,0.0,0.0,309
2174,66.09715711805555,4.6,0.0,0.0,337
2175,64.91101694915254,5.1,0.0,0.0,333
2176,65.86931857638889,5.65,0.0,0.0,353
2177,64.58321321894971,5.7,0.0,0.0,329
2178,64.82018663194444,7.199999999999999,0.0,0.0,356
2179,62.49664403306474,6.45,0.0,0.0,375
2180,60.54529513888889,6.7,0.0,0.0,327
2181,60.443994859683244,7.7,0.0,0.0,359
2182,58.279322916666665,7.45,0.0,0.0,312
2183,58.04424406085024,6.7,0.0,2.0,254
2184,57.26373263888889,7.2,0.0,0.0,159
